Bancs,camera,zone,Pop,5_degres_C_TMG_j,Aire_sous_la_courbe,15_j,16_j,17_j,18_j,19_j,20_j,21_j
3.0,1.0,11.0,Témoin,17.25,2652.0,4.0,16.0,20.0,24.0,32.0,36.0,40.0
3.0,2.0,11.0,Témoin,17.95,2652.0,0.0,4.0,4.0,12.0,24.0,28.0,28.0
3.0,3.0,11.0,Témoin,15.95,2652.0,8.0,12.0,20.0,20.0,20.0,24.0,28.0
3.0,4.0,11.0,Témoin,17.5,2652.0,4.0,4.0,4.0,4.0,12.0,16.0,16.0
4.0,1.0,11.0,Témoin,18.04,2646.0,4.0,4.0,16.0,16.0,24.0,32.0,36.0
4.0,2.0,11.0,Témoin,17.24,2646.0,8.0,12.0,20.0,32.0,36.0,36.0,44.0
4.0,3.0,11.0,Témoin,18.62,2646.0,4.0,4.0,8.0,16.0,20.0,24.0,40.0
4.0,4.0,11.0,Témoin,17.9,2646.0,0.0,0.0,8.0,8.0,12.0,20.0,20.0
3.0,1.0,11.0,Témoin,14.76,5731.2,16.0,28.0,28.0,32.0,36.0,36.0,36.0
3.0,2.0,26.0,Témoin,15.74,5731.2,12.0,20.0,20.0,20.0,32.0,36.0,36.0
3.0,3.0,31.0,Témoin,15.96,5731.2,20.0,32.0,40.0,52.0,56.0,56.0,60.0
3.0,4.0,46.0,Témoin,16.12,5731.2,8.0,24.0,32.0,36.0,36.0,36.0,44.0
3.0,3.0,31.0,Témoin,15.92,5731.2,16.0,24.0,40.0,40.0,44.0,44.0,48.0
4.0,1.0,11.0,Témoin,15.4,5536.0,8.0,16.0,32.0,36.0,40.0,40.0,40.0
4.0,2.0,36.0,Témoin,16.97,2016.0,0.0,8.0,12.0,16.0,20.0,20.0,20.0
4.0,3.0,21.0,Témoin,17.48,3184.0,4.0,8.0,12.0,24.0,32.0,32.0,36.0
4.0,4.0,46.0,Témoin,17.33,2944.0,8.0,12.0,16.0,16.0,24.0,32.0,32.0
4.0,2.0,26.0,Témoin,16.4,5952.0,4.0,24.0,32.0,36.0,44.0,48.0,52.0
3.0,1.0,41.0,Témoin,16.64,3126.4,4.0,12.0,20.0,20.0,24.0,28.0,28.0
3.0,2.0,36.0,Témoin,16.91,3126.4,8.0,16.0,20.0,24.0,32.0,32.0,36.0
3.0,3.0,21.0,Témoin,16.14,3126.4,12.0,20.0,20.0,24.0,24.0,28.0,28.0
3.0,4.0,16.0,Témoin,17.07,3126.4,0.0,4.0,12.0,16.0,16.0,20.0,20.0
3.0,3.0,21.0,Témoin,17.13,3126.4,4.0,8.0,24.0,32.0,32.0,40.0,40.0
3.0,2.0,36.0,Témoin,15.88,2504.0,8.0,16.0,24.0,28.0,28.0,28.0,28.0
3.0,3.0,21.0,Témoin,15.83,2352.0,4.0,4.0,12.0,12.0,12.0,12.0,12.0
3.0,1.0,11.0,Témoin,18.14,1868.0,0.0,0.0,8.0,12.0,20.0,20.0,24.0
3.0,3.0,31.0,Témoin,16.83,1868.0,4.0,8.0,16.0,16.0,16.0,16.0,20.0
4.0,1.0,41.0,Témoin,16.5,2240.0,4.0,4.0,8.0,16.0,20.0,20.0,20.0
4.0,2.0,26.0,Témoin,18.08,1776.0,0.0,4.0,4.0,12.0,20.0,20.0,24.0
4.0,3.0,31.0,Témoin,16.46,1808.0,8.0,8.0,8.0,12.0,12.0,12.0,16.0
4.0,4.0,16.0,Témoin,16.54,3552.0,4.0,12.0,20.0,28.0,28.0,28.0,32.0
4.0,2.0,36.0,Témoin,18.02,2416.0,4.0,12.0,12.0,16.0,16.0,24.0,32.0
4.0,2.0,26.0,Témoin,20.33,160.0,0.0,0.0,0.0,0.0,0.0,4.0,8.0
4.0,3.0,31.0,Témoin,15.5,2720.0,12.0,12.0,12.0,12.0,12.0,20.0,20.0
4.0,2.0,36.0,Témoin,17.11,4248.0,4.0,8.0,16.0,28.0,36.0,36.0,36.0
4.0,4.0,46.0,Témoin,15.22,4248.0,12.0,20.0,28.0,32.0,36.0,36.0,36.0
3.0,1.0,14.0,803,17.0,2352.0,0.0,4.0,16.0,20.0,20.0,24.0,24.0
3.0,1.0,32.0,803,16.55,3048.0,8.0,8.0,16.0,24.0,28.0,28.0,28.0
3.0,1.0,25.0,803,16.07,5776.0,20.0,24.0,32.0,36.0,40.0,44.0,48.0
4.0,4.0,44.0,803,17.77,2544.0,4.0,12.0,16.0,16.0,20.0,20.0,32.0
4.0,4.0,41.0,803,17.33,2880.0,0.0,4.0,12.0,20.0,32.0,32.0,32.0
3.0,1.0,26.0,803,16.2,6560.0,8.0,28.0,32.0,40.0,52.0,56.0,56.0
4.0,4.0,43.0,803,16.7,4208.0,8.0,16.0,24.0,28.0,36.0,40.0,40.0
4.0,1.0,23.0,803,18.52,1720.0,4.0,4.0,8.0,12.0,12.0,16.0,28.0
3.0,3.0,12.0,803,16.29,5520.0,20.0,24.0,28.0,36.0,44.0,44.0,48.0
4.0,2.0,41.0,803,17.0,3920.0,8.0,16.0,20.0,20.0,32.0,32.0,40.0
3.0,4.0,45.0,803,16.57,6064.0,4.0,24.0,44.0,44.0,48.0,56.0,56.0
4.0,4.0,24.0,803,16.0,5856.0,16.0,36.0,40.0,40.0,40.0,48.0,48.0
3.0,3.0,32.0,803,16.47,7088.0,16.0,36.0,44.0,48.0,52.0,60.0,64.0
3.0,2.0,25.0,803,15.76,6648.0,20.0,32.0,44.0,48.0,52.0,52.0,52.0
3.0,4.0,12.0,803,17.43,1752.0,0.0,4.0,12.0,16.0,16.0,16.0,20.0
3.0,2.0,12.0,803,16.3,6432.0,24.0,24.0,28.0,44.0,48.0,56.0,56.0
3.0,4.0,45.0,803,16.71,2936.0,0.0,12.0,20.0,24.0,28.0,28.0,28.0
3.0,1.0,42.0,803,15.92,7432.0,16.0,32.0,52.0,52.0,56.0,60.0,60.0
3.0,4.0,15.0,803,16.93,5584.0,12.0,16.0,28.0,48.0,48.0,52.0,56.0
3.0,2.0,34.0,803,16.17,4248.0,12.0,20.0,20.0,20.0,36.0,36.0,36.0
3.0,4.0,34.0,803,17.31,4352.0,0.0,12.0,24.0,36.0,40.0,44.0,48.0
4.0,3.0,25.0,803,17.36,2504.0,0.0,8.0,16.0,16.0,24.0,28.0,28.0
4.0,4.0,26.0,803,15.78,6112.0,12.0,24.0,40.0,44.0,44.0,48.0,48.0
4.0,3.0,43.0,803,15.17,4544.0,16.0,16.0,20.0,24.0,28.0,28.0,32.0
3.0,1.0,31.0,803,13.83,696.0,4.0,4.0,4.0,4.0,4.0,4.0,4.0
3.0,2.0,14.0,803,14.74,5480.0,12.0,20.0,32.0,36.0,36.0,36.0,36.0
3.0,3.0,46.0,803,16.45,3112.0,4.0,12.0,20.0,24.0,28.0,28.0,28.0
3.0,3.0,35.0,803,16.0,4392.0,12.0,28.0,28.0,32.0,32.0,32.0,36.0
4.0,3.0,33.0,803,17.58,2688.0,0.0,4.0,12.0,20.0,28.0,32.0,32.0
3.0,1.0,34.0,803,17.13,1896.0,4.0,8.0,8.0,12.0,12.0,20.0,20.0
3.0,2.0,16.0,803,17.02,3120.0,4.0,8.0,16.0,24.0,28.0,28.0,32.0
4.0,2.0,16.0,803,14.89,1784.0,8.0,12.0,12.0,12.0,12.0,12.0,12.0
3.0,4.0,26.0,803,17.11,1144.0,0.0,8.0,8.0,8.0,8.0,12.0,12.0
3.0,4.0,33.0,803,17.26,3304.0,4.0,12.0,16.0,24.0,28.0,32.0,36.0
3.0,3.0,15.0,803,17.44,3848.0,0.0,8.0,16.0,32.0,40.0,44.0,44.0
4.0,2.0,44.0,803,18.22,2472.0,4.0,4.0,8.0,16.0,16.0,24.0,36.0
3.0,3.0,35.0,803,15.98,4896.0,12.0,24.0,36.0,36.0,36.0,40.0,40.0
3.0,1.0,24.0,803,14.38,5152.0,12.0,16.0,24.0,28.0,32.0,32.0,32.0
4.0,2.0,44.0,803,16.11,2864.0,8.0,8.0,12.0,20.0,24.0,24.0,24.0
4.0,1.0,24.0,803,16.1,8136.0,24.0,36.0,48.0,64.0,64.0,64.0,68.0
4.0,3.0,16.0,803,16.81,7392.0,20.0,24.0,40.0,48.0,60.0,60.0,72.0
4.0,1.0,23.0,803,16.13,3808.0,12.0,12.0,20.0,24.0,28.0,28.0,32.0
3.0,2.0,21.0,803,18.61,2616.0,0.0,4.0,4.0,12.0,28.0,40.0,44.0
4.0,2.0,14.0,803,19.17,552.0,0.0,0.0,0.0,4.0,8.0,8.0,12.0
4.0,1.0,22.0,803,16.09,6232.0,12.0,24.0,40.0,48.0,48.0,52.0,52.0
3.0,3.0,13.0,803,17.28,2192.0,4.0,4.0,12.0,12.0,20.0,24.0,24.0
4.0,2.0,12.0,803,16.83,408.0,0.0,0.0,4.0,4.0,4.0,4.0,4.0
3.0,2.0,11.0,803,16.79,1648.0,0.0,8.0,12.0,12.0,12.0,16.0,16.0
3.0,2.0,23.0,803,16.1,7648.0,4.0,20.0,48.0,56.0,60.0,64.0,64.0
3.0,1.0,14.0,803,16.84,6104.0,16.0,20.0,28.0,44.0,52.0,52.0,60.0
3.0,1.0,25.0,803,16.47,4432.0,8.0,20.0,24.0,32.0,32.0,36.0,40.0
3.0,2.0,45.0,803,16.08,3840.0,8.0,12.0,20.0,32.0,32.0,32.0,32.0
3.0,1.0,21.0,803,15.6,6840.0,24.0,32.0,36.0,44.0,44.0,48.0,52.0
4.0,1.0,26.0,803,17.22,3712.0,4.0,12.0,20.0,32.0,32.0,36.0,40.0
4.0,4.0,16.0,803,16.68,5072.0,16.0,20.0,24.0,32.0,44.0,48.0,48.0
3.0,2.0,44.0,803,15.19,4528.0,12.0,28.0,28.0,28.0,32.0,32.0,32.0
4.0,1.0,31.0,803,15.92,3968.0,12.0,20.0,28.0,28.0,32.0,32.0,32.0
3.0,4.0,44.0,803,14.98,11728.0,40.0,64.0,76.0,80.0,80.0,80.0,80.0
4.0,3.0,21.0,803,14.84,9584.0,32.0,52.0,52.0,56.0,64.0,64.0,64.0
3.0,2.0,46.0,803,15.55,5848.0,16.0,32.0,36.0,44.0,44.0,44.0,44.0
4.0,3.0,41.0,803,15.92,6944.0,12.0,32.0,40.0,56.0,56.0,56.0,56.0
3.0,1.0,44.0,803,15.59,4744.0,20.0,24.0,28.0,28.0,32.0,32.0,36.0
3.0,1.0,22.0,803,15.38,8216.0,28.0,36.0,56.0,56.0,60.0,60.0,60.0
4.0,4.0,41.0,803,16.06,8672.0,32.0,40.0,52.0,56.0,60.0,64.0,72.0
4.0,2.0,13.0,803,16.81,5336.0,0.0,16.0,36.0,44.0,44.0,52.0,52.0
3.0,3.0,23.0,803,16.01,8280.0,24.0,36.0,48.0,56.0,64.0,68.0,68.0
4.0,4.0,12.0,803,16.9,6432.0,12.0,20.0,44.0,48.0,56.0,60.0,64.0
4.0,2.0,42.0,803,16.64,6392.0,8.0,24.0,40.0,48.0,56.0,60.0,60.0
4.0,3.0,31.0,803,15.52,4272.0,12.0,12.0,20.0,28.0,28.0,32.0,32.0
4.0,3.0,35.0,803,13.04,3088.0,8.0,12.0,12.0,12.0,12.0,16.0,16.0
4.0,1.0,31.0,803,17.46,4176.0,4.0,16.0,24.0,32.0,32.0,44.0,48.0
3.0,2.0,31.0,803,16.9,5224.0,4.0,12.0,28.0,40.0,48.0,52.0,52.0
4.0,2.0,33.0,803,18.06,872.0,0.0,0.0,0.0,8.0,8.0,12.0,12.0
3.0,1.0,42.0,803,16.42,3584.0,4.0,12.0,24.0,28.0,32.0,32.0,32.0
4.0,3.0,24.0,803,17.64,1984.0,0.0,4.0,12.0,16.0,20.0,20.0,24.0
3.0,4.0,23.0,803,16.4,6288.0,12.0,16.0,32.0,44.0,48.0,52.0,56.0
3.0,3.0,25.0,803,15.56,7960.0,24.0,40.0,40.0,52.0,60.0,60.0,60.0
4.0,2.0,45.0,803,16.71,4616.0,8.0,12.0,20.0,24.0,32.0,44.0,44.0
3.0,1.0,15.0,803,16.36,5440.0,16.0,20.0,36.0,40.0,44.0,48.0,48.0
3.0,2.0,13.0,803,16.24,3256.0,4.0,8.0,24.0,28.0,28.0,28.0,28.0
4.0,3.0,42.0,803,15.54,7456.0,16.0,28.0,40.0,48.0,52.0,56.0,56.0
4.0,4.0,24.0,803,16.17,6608.0,16.0,32.0,40.0,44.0,44.0,56.0,56.0
3.0,4.0,25.0,803,16.83,4488.0,8.0,12.0,20.0,32.0,36.0,44.0,44.0
3.0,3.0,36.0,803,15.89,7984.0,20.0,32.0,44.0,52.0,56.0,60.0,64.0
3.0,1.0,43.0,803,15.31,4984.0,12.0,28.0,32.0,36.0,36.0,36.0,36.0
3.0,1.0,33.0,803,17.1,1912.0,4.0,4.0,8.0,12.0,20.0,20.0,20.0
3.0,2.0,26.0,803,15.53,5864.0,12.0,24.0,32.0,40.0,40.0,44.0,44.0
4.0,3.0,22.0,803,17.08,3072.0,0.0,8.0,16.0,24.0,32.0,32.0,32.0
3.0,3.0,41.0,803,14.35,7760.0,36.0,44.0,48.0,48.0,48.0,48.0,48.0
4.0,4.0,24.0,803,17.08,2304.0,4.0,4.0,12.0,20.0,24.0,24.0,24.0
3.0,3.0,25.0,803,15.0,8176.0,28.0,40.0,48.0,56.0,56.0,56.0,56.0
3.0,2.0,21.0,803,16.56,6944.0,16.0,28.0,36.0,52.0,56.0,64.0,64.0
3.0,3.0,24.0,803,15.71,6712.0,12.0,32.0,40.0,52.0,52.0,52.0,52.0
3.0,3.0,42.0,803,16.35,3632.0,8.0,12.0,16.0,24.0,28.0,32.0,32.0
3.0,2.0,41.0,803,16.65,3832.0,12.0,12.0,20.0,24.0,28.0,28.0,36.0
4.0,2.0,25.0,803,19.17,184.0,0.0,0.0,0.0,0.0,0.0,4.0,4.0
4.0,4.0,34.0,803,17.32,4336.0,16.0,16.0,20.0,28.0,32.0,40.0,48.0
3.0,1.0,16.0,803,15.89,5984.0,12.0,28.0,40.0,44.0,48.0,48.0,48.0
4.0,3.0,25.0,803,16.52,3504.0,0.0,12.0,24.0,28.0,32.0,32.0,32.0
3.0,1.0,14.0,803,15.82,5056.0,20.0,28.0,32.0,36.0,36.0,36.0,40.0
4.0,4.0,31.0,803,15.95,3448.0,16.0,16.0,16.0,20.0,28.0,28.0,28.0
4.0,3.0,26.0,803,16.42,4920.0,12.0,24.0,28.0,32.0,40.0,44.0,44.0
3.0,4.0,32.0,803,14.96,5288.0,20.0,24.0,32.0,32.0,36.0,36.0,36.0
3.0,1.0,35.0,803,15.11,3440.0,4.0,20.0,24.0,24.0,24.0,24.0,24.0
3.0,4.0,16.0,803,15.38,7664.0,32.0,40.0,48.0,48.0,48.0,52.0,56.0
4.0,3.0,26.0,803,15.61,9976.0,32.0,44.0,68.0,76.0,76.0,76.0,76.0
4.0,2.0,21.0,803,15.54,4256.0,16.0,20.0,24.0,28.0,32.0,32.0,32.0
4.0,2.0,45.0,803,17.24,4432.0,4.0,12.0,24.0,32.0,36.0,40.0,48.0
3.0,3.0,45.0,803,16.63,5984.0,12.0,24.0,36.0,40.0,48.0,52.0,56.0
3.0,2.0,32.0,803,16.1,4784.0,20.0,28.0,28.0,32.0,32.0,36.0,40.0
3.0,3.0,43.0,803,15.71,7216.0,20.0,28.0,48.0,52.0,56.0,56.0,56.0
4.0,4.0,13.0,803,17.74,5136.0,8.0,12.0,16.0,36.0,48.0,60.0,64.0
4.0,2.0,41.0,803,15.27,7808.0,20.0,28.0,44.0,52.0,56.0,56.0,56.0
4.0,4.0,34.0,803,15.86,8520.0,28.0,44.0,52.0,60.0,64.0,64.0,68.0
3.0,4.0,22.0,803,16.06,9648.0,20.0,36.0,56.0,60.0,68.0,76.0,80.0
4.0,3.0,23.0,803,15.38,10408.0,40.0,44.0,56.0,64.0,68.0,76.0,76.0
4.0,3.0,13.0,803,16.36,2720.0,4.0,12.0,12.0,20.0,24.0,24.0,24.0
3.0,4.0,43.0,803,17.14,4544.0,4.0,12.0,20.0,36.0,40.0,44.0,48.0
3.0,2.0,21.0,803,16.5,3080.0,8.0,16.0,16.0,24.0,28.0,28.0,28.0
4.0,4.0,25.0,803,17.97,2992.0,0.0,12.0,16.0,16.0,24.0,36.0,40.0
3.0,3.0,26.0,803,15.98,3920.0,16.0,16.0,20.0,20.0,32.0,32.0,32.0
4.0,3.0,15.0,803,16.23,4656.0,8.0,20.0,28.0,32.0,40.0,40.0,40.0
3.0,3.0,45.0,803,15.23,12368.0,40.0,64.0,84.0,88.0,88.0,88.0,88.0
4.0,3.0,41.0,803,14.76,10312.0,36.0,48.0,60.0,64.0,64.0,68.0,68.0
4.0,3.0,36.0,803,16.83,3264.0,8.0,12.0,20.0,20.0,28.0,28.0,32.0
4.0,1.0,15.0,803,16.9,4016.0,4.0,16.0,24.0,28.0,32.0,36.0,40.0
4.0,1.0,16.0,803,15.45,5408.0,16.0,24.0,32.0,36.0,40.0,40.0,40.0
4.0,1.0,46.0,803,16.27,2312.0,0.0,8.0,16.0,20.0,20.0,20.0,20.0
3.0,4.0,41.0,803,15.17,4544.0,16.0,20.0,20.0,24.0,28.0,28.0,32.0
4.0,3.0,34.0,803,17.58,1344.0,0.0,0.0,4.0,12.0,16.0,16.0,16.0
3.0,1.0,11.0,803,16.17,5192.0,20.0,20.0,24.0,32.0,36.0,44.0,44.0
4.0,4.0,45.0,803,17.19,2240.0,4.0,8.0,8.0,16.0,20.0,24.0,24.0
3.0,1.0,43.0,803,16.11,5256.0,20.0,20.0,32.0,36.0,40.0,44.0,44.0
4.0,4.0,42.0,803,17.43,2456.0,0.0,8.0,16.0,16.0,20.0,24.0,28.0
3.0,1.0,13.0,803,15.12,8016.0,28.0,44.0,48.0,52.0,56.0,56.0,56.0
3.0,4.0,24.0,803,16.44,4008.0,12.0,16.0,24.0,28.0,28.0,36.0,36.0
3.0,2.0,43.0,803,16.76,4568.0,12.0,24.0,28.0,32.0,36.0,36.0,44.0
3.0,4.0,41.0,803,15.77,5104.0,12.0,20.0,28.0,40.0,40.0,40.0,40.0
3.0,2.0,33.0,803,15.48,7536.0,32.0,44.0,48.0,48.0,52.0,56.0,56.0
4.0,4.0,35.0,803,16.33,5928.0,8.0,24.0,36.0,44.0,52.0,52.0,52.0
4.0,1.0,22.0,803,16.22,7000.0,12.0,32.0,36.0,52.0,52.0,56.0,60.0
3.0,3.0,13.0,803,15.48,8072.0,32.0,44.0,48.0,52.0,56.0,60.0,60.0
3.0,1.0,46.0,803,16.86,2840.0,8.0,12.0,20.0,20.0,24.0,24.0,28.0
3.0,4.0,11.0,803,17.28,2192.0,0.0,4.0,16.0,16.0,24.0,24.0,24.0
3.0,3.0,23.0,803,16.65,5952.0,8.0,20.0,36.0,44.0,56.0,56.0,56.0
3.0,4.0,15.0,803,15.36,6040.0,16.0,28.0,32.0,32.0,40.0,44.0,44.0
4.0,1.0,12.0,803,15.06,6360.0,16.0,28.0,40.0,44.0,44.0,44.0,44.0
4.0,2.0,31.0,803,15.52,5880.0,24.0,36.0,36.0,40.0,44.0,44.0,44.0
3.0,3.0,33.0,803,15.82,7072.0,28.0,36.0,44.0,48.0,52.0,52.0,56.0
4.0,4.0,32.0,803,16.04,7256.0,12.0,32.0,44.0,56.0,56.0,60.0,60.0
3.0,4.0,25.0,803,16.47,7528.0,16.0,32.0,36.0,40.0,56.0,60.0,68.0
4.0,2.0,15.0,803,16.84,6104.0,4.0,20.0,28.0,52.0,56.0,60.0,60.0
3.0,1.0,21.0,803,15.29,4448.0,8.0,20.0,28.0,28.0,28.0,32.0,32.0
3.0,2.0,22.0,803,16.33,5928.0,12.0,20.0,36.0,48.0,48.0,52.0,52.0
3.0,3.0,32.0,803,16.53,5248.0,12.0,24.0,28.0,32.0,40.0,48.0,48.0
3.0,4.0,23.0,803,16.18,6592.0,24.0,24.0,44.0,44.0,48.0,52.0,56.0
4.0,4.0,44.0,803,15.35,9352.0,40.0,44.0,56.0,56.0,60.0,64.0,68.0
3.0,2.0,31.0,803,15.27,8376.0,20.0,40.0,48.0,52.0,56.0,56.0,60.0
3.0,2.0,36.0,803,17.01,4688.0,4.0,8.0,32.0,36.0,36.0,40.0,48.0
3.0,4.0,31.0,803,16.67,6360.0,20.0,28.0,36.0,44.0,52.0,52.0,60.0
3.0,3.0,33.0,803,15.73,5136.0,16.0,20.0,32.0,36.0,40.0,40.0,40.0
4.0,4.0,13.0,803,16.24,3256.0,8.0,12.0,16.0,28.0,28.0,28.0,28.0
4.0,4.0,34.0,803,17.67,2952.0,0.0,8.0,20.0,24.0,28.0,28.0,36.0
3.0,4.0,13.0,803,15.48,8608.0,32.0,44.0,52.0,60.0,64.0,64.0,64.0
4.0,3.0,15.0,803,15.08,9216.0,28.0,52.0,56.0,56.0,64.0,64.0,64.0
4.0,3.0,22.0,803,15.69,3104.0,8.0,16.0,20.0,20.0,20.0,20.0,24.0
4.0,1.0,34.0,803,16.41,5832.0,28.0,28.0,28.0,36.0,44.0,52.0,52.0
3.0,4.0,46.0,803,14.75,10344.0,48.0,48.0,60.0,68.0,68.0,68.0,68.0
4.0,3.0,22.0,803,14.84,11384.0,48.0,60.0,68.0,72.0,76.0,76.0,76.0
4.0,3.0,14.0,803,18.05,2040.0,0.0,4.0,12.0,12.0,16.0,24.0,28.0
3.0,2.0,23.0,803,15.55,5312.0,16.0,32.0,36.0,36.0,40.0,40.0,40.0
4.0,2.0,32.0,803,15.29,7224.0,20.0,20.0,36.0,48.0,52.0,52.0,52.0
3.0,3.0,23.0,803,15.47,5928.0,20.0,24.0,32.0,36.0,36.0,44.0,44.0
3.0,4.0,31.0,803,15.9,3480.0,8.0,12.0,24.0,24.0,28.0,28.0,28.0
4.0,4.0,11.0,803,16.0,1952.0,8.0,8.0,12.0,12.0,16.0,16.0,16.0
4.0,1.0,41.0,803,16.92,2400.0,4.0,4.0,12.0,16.0,20.0,24.0,24.0
3.0,2.0,43.0,803,14.54,7536.0,32.0,44.0,44.0,48.0,48.0,48.0,48.0
3.0,3.0,16.0,803,15.86,3008.0,8.0,12.0,20.0,20.0,24.0,24.0,24.0
3.0,4.0,24.0,803,16.71,2936.0,8.0,16.0,20.0,20.0,20.0,24.0,28.0
3.0,2.0,14.0,803,17.5,2408.0,4.0,8.0,8.0,12.0,24.0,28.0,28.0
3.0,2.0,36.0,803,15.8,5072.0,8.0,20.0,32.0,40.0,40.0,40.0,40.0
3.0,2.0,26.0,803,15.36,10440.0,36.0,56.0,64.0,72.0,72.0,76.0,76.0
4.0,3.0,14.0,803,15.98,10296.0,24.0,44.0,68.0,72.0,76.0,80.0,84.0
4.0,2.0,43.0,803,16.85,3656.0,8.0,12.0,16.0,20.0,36.0,36.0,36.0
3.0,4.0,12.0,803,15.02,10480.0,32.0,48.0,60.0,60.0,64.0,72.0,72.0
4.0,3.0,32.0,803,15.32,9400.0,24.0,60.0,60.0,64.0,68.0,68.0,68.0
4.0,1.0,13.0,803,15.6,3688.0,8.0,12.0,20.0,28.0,28.0,28.0,28.0
4.0,2.0,13.0,803,18.58,2400.0,0.0,0.0,4.0,12.0,24.0,40.0,40.0
3.0,1.0,22.0,803,16.57,3032.0,0.0,12.0,20.0,24.0,28.0,28.0,28.0
4.0,4.0,41.0,803,17.37,3568.0,4.0,16.0,20.0,24.0,32.0,40.0,40.0
4.0,1.0,45.0,803,17.12,2664.0,8.0,8.0,12.0,16.0,24.0,28.0,28.0
3.0,1.0,23.0,803,16.47,2216.0,8.0,8.0,16.0,16.0,16.0,16.0,20.0
3.0,4.0,42.0,803,15.67,2080.0,4.0,12.0,12.0,16.0,16.0,16.0,16.0
3.0,1.0,36.0,803,16.76,5400.0,12.0,28.0,28.0,36.0,44.0,44.0,52.0
4.0,2.0,24.0,803,18.22,2752.0,0.0,8.0,8.0,16.0,28.0,36.0,40.0
3.0,1.0,16.0,803,15.6,3688.0,12.0,20.0,20.0,20.0,24.0,28.0,28.0
3.0,1.0,15.0,803,14.63,4960.0,16.0,28.0,28.0,28.0,28.0,32.0,32.0
3.0,3.0,46.0,803,17.92,1216.0,0.0,0.0,4.0,8.0,16.0,16.0,16.0
3.0,2.0,24.0,803,17.23,5184.0,4.0,20.0,24.0,32.0,48.0,56.0,56.0
4.0,1.0,21.0,803,14.74,12792.0,32.0,44.0,60.0,72.0,76.0,84.0,84.0
4.0,3.0,42.0,803,13.98,13632.0,56.0,56.0,72.0,76.0,76.0,76.0,80.0
4.0,3.0,35.0,803,16.92,7200.0,8.0,32.0,40.0,56.0,60.0,64.0,72.0
4.0,2.0,35.0,803,16.86,5680.0,12.0,16.0,24.0,36.0,44.0,56.0,56.0
3.0,1.0,23.0,803,16.19,7520.0,16.0,28.0,40.0,56.0,64.0,64.0,64.0
3.0,3.0,43.0,803,16.18,7536.0,20.0,28.0,36.0,52.0,60.0,64.0,64.0
4.0,2.0,23.0,803,17.49,6896.0,4.0,16.0,32.0,56.0,64.0,72.0,80.0
3.0,1.0,13.0,803,15.75,10744.0,44.0,52.0,60.0,64.0,72.0,80.0,84.0
4.0,3.0,25.0,803,15.78,8648.0,24.0,40.0,60.0,64.0,64.0,64.0,68.0
3.0,2.0,12.0,803,15.27,7256.0,16.0,32.0,36.0,48.0,52.0,52.0,52.0
3.0,1.0,26.0,803,14.26,9832.0,32.0,40.0,52.0,56.0,60.0,60.0,60.0
3.0,2.0,13.0,803,14.46,8896.0,28.0,48.0,56.0,56.0,56.0,56.0,56.0
4.0,4.0,12.0,803,15.81,8096.0,16.0,36.0,56.0,60.0,64.0,64.0,64.0
4.0,1.0,34.0,803,18.15,4792.0,0.0,12.0,24.0,36.0,44.0,52.0,68.0
3.0,2.0,33.0,803,15.27,9480.0,24.0,32.0,44.0,64.0,64.0,64.0,68.0
4.0,4.0,25.0,803,16.45,8456.0,16.0,32.0,36.0,68.0,76.0,76.0,76.0
3.0,2.0,41.0,803,16.31,8256.0,24.0,32.0,52.0,64.0,64.0,72.0,72.0
4.0,4.0,42.0,803,17.38,4616.0,12.0,16.0,24.0,32.0,36.0,44.0,52.0
3.0,1.0,46.0,803,15.6,7896.0,28.0,36.0,48.0,52.0,56.0,56.0,60.0
4.0,2.0,33.0,803,16.91,7216.0,12.0,24.0,28.0,44.0,60.0,72.0,72.0
3.0,2.0,46.0,803,15.68,10888.0,28.0,48.0,56.0,80.0,84.0,84.0,84.0
4.0,4.0,22.0,803,15.74,10776.0,40.0,52.0,72.0,76.0,84.0,84.0,84.0
3.0,1.0,35.0,803,15.58,10560.0,28.0,52.0,64.0,76.0,80.0,80.0,80.0
4.0,3.0,24.0,803,16.5,7920.0,20.0,36.0,44.0,60.0,68.0,68.0,72.0
4.0,1.0,33.0,830,15.41,8720.0,28.0,36.0,48.0,52.0,64.0,64.0,64.0
3.0,1.0,33.0,830,16.47,7528.0,16.0,24.0,36.0,52.0,52.0,64.0,68.0
4.0,2.0,13.0,830,15.36,7696.0,36.0,40.0,48.0,52.0,52.0,52.0,56.0
3.0,1.0,13.0,830,15.7,8792.0,36.0,40.0,44.0,52.0,60.0,68.0,68.0
4.0,4.0,15.0,830,15.76,9704.0,32.0,48.0,60.0,64.0,72.0,76.0,76.0
4.0,3.0,14.0,830,14.97,9392.0,32.0,52.0,56.0,60.0,60.0,64.0,64.0
4.0,4.0,16.0,830,15.54,9584.0,32.0,40.0,60.0,68.0,72.0,72.0,72.0
3.0,3.0,24.0,830,15.89,6976.0,16.0,28.0,36.0,56.0,56.0,56.0,56.0
3.0,4.0,42.0,830,15.85,6536.0,24.0,24.0,36.0,40.0,48.0,52.0,52.0
3.0,4.0,23.0,830,14.8,9648.0,40.0,52.0,56.0,60.0,60.0,64.0,64.0
3.0,4.0,44.0,830,16.31,5504.0,12.0,28.0,36.0,40.0,44.0,44.0,48.0
3.0,4.0,34.0,830,17.23,5544.0,12.0,16.0,24.0,40.0,48.0,52.0,60.0
3.0,4.0,13.0,830,17.18,4120.0,4.0,16.0,20.0,24.0,40.0,44.0,44.0
4.0,4.0,33.0,830,15.93,8912.0,24.0,48.0,56.0,60.0,64.0,64.0,72.0
3.0,3.0,45.0,830,15.46,7552.0,20.0,32.0,44.0,48.0,52.0,56.0,56.0
4.0,1.0,35.0,830,15.9,6472.0,28.0,32.0,40.0,44.0,52.0,52.0,52.0
3.0,4.0,41.0,830,17.48,4848.0,8.0,16.0,24.0,36.0,44.0,48.0,56.0
4.0,3.0,22.0,830,16.46,6208.0,8.0,28.0,36.0,48.0,48.0,56.0,56.0
3.0,4.0,33.0,830,14.33,9072.0,28.0,44.0,48.0,52.0,56.0,56.0,56.0
3.0,3.0,26.0,830,15.04,6960.0,28.0,32.0,36.0,48.0,48.0,48.0,48.0
4.0,3.0,16.0,830,13.52,10888.0,36.0,44.0,48.0,56.0,60.0,60.0,60.0
3.0,1.0,43.0,830,14.79,9064.0,36.0,40.0,52.0,52.0,56.0,56.0,60.0
4.0,1.0,31.0,830,13.34,11888.0,48.0,48.0,52.0,52.0,60.0,60.0,64.0
3.0,3.0,15.0,830,13.4,10320.0,40.0,40.0,40.0,44.0,48.0,56.0,56.0
3.0,1.0,26.0,830,14.85,8384.0,24.0,32.0,40.0,44.0,52.0,52.0,56.0
4.0,3.0,45.0,830,13.64,10712.0,40.0,40.0,44.0,48.0,48.0,56.0,60.0
4.0,3.0,44.0,830,12.36,13392.0,52.0,52.0,60.0,64.0,64.0,64.0,64.0
3.0,3.0,32.0,830,13.7,10632.0,36.0,44.0,52.0,52.0,52.0,60.0,60.0
4.0,3.0,35.0,830,15.02,9896.0,20.0,48.0,52.0,56.0,64.0,68.0,68.0
4.0,1.0,34.0,830,14.95,6472.0,20.0,28.0,32.0,44.0,44.0,44.0,44.0
3.0,1.0,24.0,830,15.19,8488.0,28.0,36.0,48.0,52.0,56.0,60.0,60.0
3.0,4.0,45.0,830,15.37,7680.0,20.0,36.0,40.0,48.0,52.0,52.0,56.0
3.0,3.0,34.0,830,18.21,4136.0,0.0,8.0,20.0,36.0,40.0,44.0,60.0
3.0,2.0,16.0,830,14.8,8448.0,28.0,48.0,52.0,52.0,56.0,56.0,56.0
4.0,1.0,22.0,830,16.83,3264.0,8.0,8.0,16.0,28.0,32.0,32.0,32.0
4.0,1.0,12.0,830,16.88,8080.0,16.0,32.0,48.0,60.0,68.0,76.0,80.0
4.0,1.0,16.0,830,16.1,6704.0,12.0,32.0,48.0,52.0,52.0,52.0,56.0
3.0,1.0,42.0,830,15.82,7072.0,16.0,32.0,44.0,52.0,52.0,56.0,56.0
3.0,4.0,21.0,830,17.09,4984.0,12.0,20.0,28.0,36.0,40.0,44.0,52.0
4.0,2.0,31.0,830,15.53,10136.0,44.0,48.0,52.0,64.0,76.0,76.0,76.0
3.0,3.0,25.0,830,16.01,6328.0,12.0,28.0,36.0,44.0,52.0,52.0,52.0
4.0,3.0,36.0,830,14.52,10712.0,48.0,56.0,60.0,68.0,68.0,68.0,68.0
4.0,2.0,15.0,830,15.53,10136.0,36.0,40.0,56.0,64.0,72.0,76.0,76.0
4.0,1.0,32.0,830,15.24,10664.0,36.0,56.0,64.0,68.0,72.0,72.0,76.0
4.0,3.0,21.0,830,15.88,6000.0,8.0,24.0,28.0,40.0,44.0,44.0,48.0
3.0,3.0,36.0,830,16.93,3984.0,4.0,12.0,28.0,28.0,32.0,40.0,40.0
4.0,2.0,16.0,830,14.49,10128.0,32.0,52.0,56.0,60.0,64.0,64.0,64.0
4.0,4.0,12.0,830,15.86,7528.0,28.0,28.0,28.0,40.0,52.0,52.0,60.0
3.0,1.0,16.0,830,14.57,8752.0,32.0,40.0,48.0,56.0,56.0,56.0,56.0
3.0,1.0,41.0,830,15.58,8984.0,32.0,40.0,48.0,56.0,60.0,68.0,68.0
4.0,3.0,41.0,830,14.89,8320.0,32.0,36.0,44.0,52.0,52.0,52.0,56.0
4.0,2.0,24.0,830,15.41,9808.0,32.0,56.0,60.0,64.0,64.0,68.0,72.0
3.0,3.0,42.0,830,15.3,10552.0,24.0,40.0,64.0,72.0,76.0,76.0,76.0
3.0,3.0,11.0,830,15.86,7024.0,20.0,28.0,44.0,48.0,56.0,56.0,56.0
4.0,1.0,14.0,830,16.28,6920.0,24.0,28.0,36.0,52.0,52.0,52.0,60.0
4.0,4.0,36.0,830,15.81,7592.0,28.0,40.0,44.0,48.0,60.0,60.0,60.0
3.0,4.0,35.0,830,16.42,5816.0,12.0,24.0,32.0,36.0,44.0,48.0,52.0
3.0,1.0,25.0,830,16.34,6824.0,12.0,24.0,32.0,44.0,52.0,52.0,60.0
4.0,2.0,12.0,830,15.65,9912.0,28.0,48.0,60.0,64.0,72.0,76.0,76.0
3.0,2.0,25.0,830,15.73,5656.0,12.0,24.0,40.0,44.0,44.0,44.0,44.0
4.0,2.0,22.0,830,15.1,9768.0,36.0,60.0,64.0,64.0,68.0,68.0,68.0
3.0,2.0,44.0,830,15.21,9024.0,32.0,36.0,48.0,60.0,60.0,60.0,64.0
3.0,1.0,32.0,830,15.86,6520.0,20.0,28.0,36.0,44.0,44.0,48.0,52.0
3.0,1.0,45.0,830,16.27,6936.0,20.0,32.0,44.0,52.0,56.0,56.0,60.0
4.0,4.0,34.0,830,15.74,9752.0,24.0,36.0,44.0,72.0,72.0,76.0,76.0
4.0,4.0,35.0,830,15.36,7144.0,36.0,36.0,48.0,48.0,52.0,52.0,52.0
3.0,2.0,14.0,830,15.89,9464.0,24.0,44.0,60.0,68.0,72.0,76.0,76.0
4.0,2.0,41.0,830,14.83,7800.0,24.0,44.0,48.0,48.0,48.0,52.0,52.0
4.0,2.0,46.0,830,15.36,7696.0,28.0,36.0,48.0,48.0,48.0,56.0,56.0
4.0,4.0,41.0,830,15.94,9384.0,28.0,44.0,52.0,64.0,68.0,68.0,76.0
4.0,2.0,43.0,830,16.05,9176.0,24.0,48.0,56.0,64.0,68.0,76.0,76.0
4.0,3.0,13.0,830,16.2,7032.0,12.0,28.0,40.0,44.0,56.0,60.0,60.0
3.0,4.0,14.0,830,14.6,8720.0,36.0,40.0,52.0,52.0,52.0,56.0,56.0
3.0,1.0,31.0,830,15.72,9264.0,20.0,48.0,56.0,64.0,64.0,64.0,72.0
4.0,4.0,42.0,830,15.68,10888.0,36.0,56.0,64.0,76.0,76.0,76.0,84.0
3.0,2.0,45.0,830,15.72,5152.0,16.0,20.0,32.0,32.0,36.0,40.0,40.0
4.0,1.0,15.0,830,15.02,10480.0,40.0,52.0,68.0,72.0,72.0,72.0,72.0
4.0,1.0,11.0,830,13.38,11840.0,52.0,52.0,60.0,60.0,60.0,60.0,64.0
4.0,2.0,23.0,830,16.1,3352.0,8.0,12.0,20.0,24.0,28.0,28.0,28.0
3.0,3.0,35.0,830,16.41,5832.0,20.0,28.0,32.0,32.0,40.0,48.0,52.0
4.0,3.0,15.0,830,14.47,9528.0,36.0,40.0,48.0,52.0,56.0,60.0,60.0
4.0,2.0,32.0,830,15.54,10640.0,28.0,52.0,68.0,72.0,76.0,76.0,80.0
4.0,1.0,46.0,830,16.32,6856.0,16.0,28.0,44.0,56.0,60.0,60.0,60.0
3.0,2.0,35.0,830,15.02,8144.0,32.0,36.0,40.0,48.0,56.0,56.0,56.0
4.0,1.0,24.0,830,15.03,11632.0,32.0,60.0,68.0,72.0,72.0,76.0,80.0
3.0,2.0,26.0,830,13.47,12424.0,52.0,60.0,64.0,64.0,68.0,68.0,68.0
4.0,3.0,23.0,830,14.88,8936.0,40.0,56.0,56.0,60.0,60.0,60.0,60.0
4.0,4.0,24.0,830,16.31,6872.0,16.0,28.0,40.0,48.0,52.0,60.0,60.0
4.0,3.0,32.0,830,15.44,10296.0,44.0,52.0,64.0,68.0,68.0,72.0,76.0
3.0,2.0,36.0,830,15.04,10448.0,36.0,56.0,60.0,72.0,72.0,72.0,72.0
4.0,4.0,26.0,830,16.6,9048.0,4.0,32.0,56.0,72.0,80.0,80.0,84.0
3.0,4.0,32.0,830,15.2,10160.0,40.0,52.0,52.0,56.0,64.0,68.0,72.0
4.0,2.0,26.0,830,14.78,10280.0,36.0,48.0,56.0,64.0,68.0,68.0,68.0
4.0,1.0,36.0,830,15.16,9672.0,28.0,40.0,44.0,64.0,68.0,68.0,68.0
4.0,2.0,11.0,830,16.28,8760.0,20.0,44.0,52.0,56.0,64.0,76.0,76.0
3.0,4.0,31.0,830,15.92,10912.0,36.0,52.0,64.0,72.0,80.0,84.0,88.0
4.0,1.0,26.0,830,14.58,13728.0,48.0,68.0,80.0,84.0,88.0,88.0,88.0
4.0,1.0,42.0,830,15.82,10112.0,32.0,40.0,52.0,72.0,76.0,80.0,80.0
4.0,3.0,46.0,830,14.38,10304.0,40.0,48.0,56.0,60.0,64.0,64.0,64.0
3.0,2.0,34.0,830,15.63,6288.0,24.0,36.0,44.0,48.0,48.0,48.0,48.0
4.0,1.0,25.0,830,16.09,8152.0,24.0,32.0,48.0,64.0,64.0,68.0,68.0
4.0,4.0,21.0,830,15.58,8984.0,28.0,52.0,56.0,56.0,60.0,64.0,68.0
3.0,3.0,46.0,830,15.92,8928.0,32.0,40.0,56.0,64.0,64.0,68.0,72.0
3.0,3.0,23.0,830,16.26,8336.0,16.0,28.0,48.0,64.0,68.0,68.0,72.0
4.0,3.0,11.0,830,14.99,9360.0,36.0,44.0,56.0,60.0,60.0,64.0,64.0
4.0,1.0,13.0,830,14.99,11112.0,36.0,56.0,68.0,68.0,72.0,72.0,76.0
4.0,1.0,43.0,830,13.54,11584.0,56.0,60.0,60.0,64.0,64.0,64.0,64.0
3.0,3.0,44.0,830,14.94,8840.0,28.0,48.0,52.0,56.0,56.0,56.0,60.0
3.0,3.0,13.0,830,16.43,4464.0,8.0,16.0,24.0,32.0,36.0,36.0,40.0
4.0,1.0,41.0,830,15.78,9672.0,32.0,36.0,52.0,60.0,68.0,72.0,76.0
3.0,2.0,43.0,830,15.77,9184.0,32.0,40.0,56.0,60.0,64.0,68.0,72.0
4.0,1.0,21.0,830,15.69,9312.0,24.0,44.0,60.0,64.0,64.0,68.0,72.0
3.0,1.0,44.0,830,15.61,9456.0,36.0,48.0,60.0,64.0,68.0,72.0,72.0
4.0,3.0,42.0,830,15.14,10840.0,44.0,64.0,64.0,68.0,72.0,76.0,76.0
3.0,1.0,21.0,830,15.45,8656.0,20.0,44.0,56.0,64.0,64.0,64.0,64.0
4.0,3.0,25.0,830,16.04,7744.0,24.0,36.0,48.0,52.0,56.0,64.0,64.0
3.0,3.0,22.0,830,14.79,8464.0,36.0,48.0,56.0,56.0,56.0,56.0,56.0
4.0,4.0,32.0,830,15.5,9648.0,28.0,52.0,56.0,68.0,68.0,68.0,72.0
4.0,4.0,22.0,830,16.25,9280.0,32.0,48.0,48.0,64.0,68.0,80.0,80.0
3.0,1.0,12.0,830,15.48,7536.0,24.0,40.0,48.0,48.0,52.0,56.0,56.0
3.0,4.0,25.0,830,15.26,9496.0,32.0,48.0,56.0,64.0,68.0,68.0,68.0
3.0,2.0,15.0,830,16.41,7184.0,12.0,28.0,40.0,56.0,60.0,64.0,64.0
4.0,4.0,13.0,830,15.76,8176.0,28.0,44.0,44.0,52.0,56.0,60.0,64.0
4.0,1.0,45.0,830,15.87,10504.0,44.0,52.0,56.0,60.0,72.0,76.0,84.0
3.0,4.0,16.0,830,15.64,9408.0,32.0,36.0,52.0,64.0,72.0,72.0,72.0
3.0,4.0,43.0,830,15.71,11344.0,24.0,48.0,72.0,84.0,88.0,88.0,88.0
4.0,2.0,14.0,830,15.4,11448.0,40.0,52.0,72.0,76.0,80.0,84.0,84.0
3.0,1.0,35.0,830,15.41,11432.0,44.0,60.0,68.0,72.0,80.0,80.0,84.0
4.0,2.0,33.0,830,16.39,9464.0,20.0,40.0,52.0,64.0,76.0,80.0,84.0
3.0,1.0,14.0,830,16.19,8464.0,24.0,32.0,56.0,60.0,68.0,68.0,72.0
3.0,4.0,22.0,830,17.08,4608.0,4.0,16.0,24.0,28.0,40.0,44.0,48.0
4.0,2.0,35.0,830,14.89,8320.0,32.0,52.0,56.0,56.0,56.0,56.0,56.0
4.0,3.0,43.0,830,15.63,10480.0,28.0,56.0,68.0,72.0,80.0,80.0,80.0
3.0,3.0,12.0,830,15.2,9608.0,24.0,36.0,52.0,60.0,60.0,68.0,68.0
4.0,2.0,42.0,830,15.26,10064.0,32.0,52.0,52.0,68.0,72.0,72.0,72.0
3.0,1.0,23.0,830,16.48,8392.0,28.0,36.0,44.0,48.0,72.0,76.0,76.0
4.0,3.0,33.0,830,15.34,9368.0,36.0,56.0,60.0,64.0,68.0,68.0,68.0
4.0,2.0,21.0,830,14.74,12792.0,60.0,72.0,76.0,84.0,84.0,84.0,84.0
4.0,1.0,44.0,830,15.33,11056.0,40.0,56.0,64.0,68.0,76.0,76.0,80.0
4.0,4.0,11.0,830,16.09,11032.0,20.0,60.0,68.0,76.0,84.0,92.0,92.0
4.0,2.0,45.0,830,15.53,12784.0,36.0,60.0,68.0,84.0,88.0,92.0,96.0
3.0,1.0,15.0,830,15.37,12064.0,44.0,68.0,72.0,80.0,84.0,84.0,88.0
4.0,4.0,14.0,830,16.04,10168.0,28.0,44.0,60.0,72.0,80.0,84.0,84.0
4.0,2.0,44.0,830,16.75,7488.0,16.0,36.0,44.0,52.0,56.0,68.0,72.0
3.0,2.0,24.0,830,15.32,10520.0,32.0,56.0,68.0,68.0,68.0,72.0,76.0
3.0,3.0,14.0,830,15.81,11136.0,32.0,56.0,72.0,84.0,88.0,88.0,88.0
3.0,4.0,46.0,830,14.81,13248.0,48.0,76.0,84.0,84.0,84.0,88.0,88.0
3.0,2.0,33.0,830,14.25,10496.0,40.0,44.0,56.0,56.0,64.0,64.0,64.0
3.0,1.0,34.0,830,16.58,8656.0,20.0,32.0,48.0,52.0,72.0,76.0,80.0
3.0,2.0,46.0,830,15.51,10168.0,36.0,48.0,60.0,76.0,76.0,76.0,76.0
3.0,4.0,36.0,830,15.41,10344.0,20.0,44.0,60.0,76.0,76.0,76.0,76.0
4.0,3.0,34.0,830,15.24,11784.0,56.0,64.0,72.0,76.0,80.0,80.0,84.0
3.0,3.0,41.0,830,15.18,10208.0,32.0,40.0,56.0,64.0,68.0,72.0,72.0
3.0,4.0,11.0,830,15.9,8960.0,24.0,40.0,52.0,56.0,64.0,68.0,72.0
3.0,3.0,33.0,830,16.28,8760.0,12.0,32.0,48.0,64.0,68.0,76.0,76.0
3.0,3.0,43.0,830,15.68,8824.0,32.0,44.0,48.0,64.0,68.0,68.0,68.0
3.0,4.0,24.0,830,15.79,9656.0,28.0,44.0,56.0,68.0,72.0,72.0,76.0
3.0,4.0,12.0,830,15.78,8144.0,24.0,40.0,44.0,52.0,60.0,60.0,64.0
4.0,3.0,24.0,830,15.4,10360.0,36.0,52.0,64.0,68.0,68.0,68.0,76.0
3.0,1.0,22.0,830,16.17,7080.0,12.0,20.0,32.0,48.0,60.0,60.0,60.0
3.0,4.0,26.0,830,15.11,8600.0,36.0,48.0,52.0,56.0,56.0,60.0,60.0
4.0,3.0,31.0,830,16.55,9144.0,24.0,32.0,48.0,68.0,80.0,84.0,84.0
4.0,4.0,44.0,830,14.68,11672.0,48.0,64.0,64.0,68.0,68.0,68.0,76.0
4.0,3.0,12.0,830,15.5,9648.0,28.0,44.0,60.0,68.0,72.0,72.0,72.0
4.0,4.0,43.0,830,15.52,11208.0,48.0,52.0,60.0,68.0,68.0,68.0,84.0
4.0,1.0,23.0,830,14.6,11200.0,56.0,56.0,60.0,64.0,64.0,72.0,72.0
4.0,3.0,26.0,830,15.53,6400.0,20.0,28.0,40.0,40.0,40.0,44.0,48.0
3.0,3.0,21.0,830,15.04,12184.0,44.0,68.0,76.0,76.0,80.0,80.0,84.0
4.0,4.0,45.0,830,15.45,7568.0,36.0,36.0,40.0,48.0,48.0,52.0,56.0
3.0,4.0,15.0,830,15.83,8064.0,24.0,32.0,44.0,44.0,56.0,60.0,64.0
3.0,3.0,16.0,830,14.29,9136.0,36.0,44.0,44.0,48.0,52.0,56.0,56.0
4.0,4.0,25.0,830,15.73,10288.0,40.0,44.0,56.0,72.0,72.0,72.0,80.0
4.0,2.0,25.0,830,16.15,10416.0,28.0,44.0,64.0,72.0,76.0,84.0,88.0
4.0,4.0,23.0,830,16.83,8160.0,16.0,28.0,52.0,60.0,64.0,72.0,80.0
4.0,2.0,34.0,830,16.3,7800.0,12.0,28.0,52.0,60.0,64.0,64.0,68.0
4.0,4.0,31.0,830,15.71,10840.0,32.0,60.0,76.0,76.0,80.0,80.0,84.0
4.0,1.0,14.0,802,16.65,4680.0,8.0,20.0,28.0,36.0,36.0,40.0,44.0
4.0,1.0,35.0,802,17.58,3360.0,4.0,8.0,16.0,20.0,32.0,36.0,40.0
3.0,4.0,32.0,802,18.04,2336.0,0.0,4.0,8.0,20.0,20.0,24.0,32.0
3.0,2.0,22.0,802,16.82,5728.0,8.0,20.0,32.0,44.0,56.0,56.0,56.0
3.0,1.0,26.0,802,16.63,4272.0,12.0,20.0,24.0,28.0,28.0,32.0,40.0
4.0,3.0,16.0,802,16.52,3944.0,12.0,16.0,20.0,20.0,24.0,28.0,36.0
4.0,2.0,32.0,802,18.33,2112.0,4.0,4.0,8.0,12.0,12.0,20.0,32.0
3.0,2.0,35.0,802,17.0,2352.0,4.0,12.0,16.0,16.0,20.0,20.0,24.0
4.0,4.0,21.0,802,18.36,1832.0,0.0,0.0,4.0,12.0,20.0,24.0,28.0
4.0,3.0,21.0,802,15.97,2456.0,8.0,8.0,16.0,20.0,20.0,20.0,20.0
3.0,1.0,32.0,802,14.54,10680.0,36.0,52.0,60.0,64.0,68.0,68.0,68.0
4.0,3.0,35.0,802,15.49,8056.0,20.0,36.0,48.0,48.0,48.0,52.0,60.0
4.0,1.0,46.0,802,15.06,8680.0,20.0,24.0,44.0,52.0,56.0,56.0,60.0
4.0,4.0,15.0,802,15.2,6216.0,16.0,24.0,36.0,40.0,44.0,44.0,44.0
4.0,3.0,41.0,802,17.12,2664.0,4.0,12.0,12.0,20.0,20.0,28.0,28.0
4.0,1.0,36.0,802,15.93,4944.0,8.0,16.0,32.0,32.0,36.0,40.0,40.0
3.0,2.0,16.0,802,15.62,7344.0,16.0,28.0,48.0,48.0,52.0,56.0,56.0
3.0,2.0,44.0,802,16.38,3160.0,4.0,8.0,24.0,24.0,24.0,28.0,28.0
4.0,3.0,23.0,802,19.6,712.0,0.0,0.0,0.0,4.0,4.0,12.0,20.0
4.0,3.0,42.0,802,16.79,4944.0,12.0,16.0,20.0,32.0,40.0,48.0,48.0
3.0,1.0,15.0,802,16.78,3720.0,8.0,12.0,16.0,28.0,36.0,36.0,36.0
4.0,4.0,15.0,802,17.69,4560.0,0.0,4.0,20.0,36.0,52.0,56.0,56.0
4.0,2.0,22.0,802,18.17,2800.0,0.0,4.0,12.0,20.0,28.0,36.0,40.0
3.0,1.0,42.0,802,16.57,6504.0,16.0,28.0,36.0,52.0,56.0,60.0,60.0
3.0,2.0,34.0,802,14.85,5384.0,12.0,24.0,32.0,32.0,36.0,36.0,36.0
4.0,2.0,34.0,802,17.5,4816.0,0.0,4.0,20.0,40.0,48.0,56.0,56.0
3.0,1.0,23.0,802,16.02,5352.0,16.0,32.0,32.0,36.0,40.0,40.0,44.0
3.0,2.0,22.0,802,16.21,7960.0,24.0,36.0,48.0,56.0,68.0,68.0,68.0
4.0,3.0,11.0,802,16.4,3600.0,4.0,4.0,20.0,28.0,32.0,32.0,32.0
4.0,3.0,32.0,802,16.32,5488.0,16.0,24.0,32.0,40.0,40.0,44.0,48.0
3.0,3.0,34.0,802,15.02,8144.0,20.0,36.0,44.0,48.0,52.0,56.0,56.0
3.0,3.0,14.0,802,15.49,7520.0,20.0,20.0,36.0,44.0,52.0,56.0,56.0
3.0,3.0,41.0,802,13.97,10248.0,44.0,52.0,56.0,56.0,60.0,60.0,60.0
4.0,3.0,23.0,802,14.8,10248.0,36.0,52.0,56.0,68.0,68.0,68.0,68.0
4.0,4.0,45.0,802,16.4,6288.0,4.0,28.0,40.0,44.0,56.0,56.0,56.0
3.0,4.0,43.0,802,14.05,9456.0,36.0,40.0,48.0,52.0,56.0,56.0,56.0
4.0,3.0,36.0,802,14.91,12440.0,48.0,64.0,64.0,68.0,76.0,80.0,84.0
4.0,3.0,46.0,802,17.39,6024.0,4.0,8.0,36.0,48.0,56.0,64.0,68.0
4.0,1.0,11.0,802,16.02,4864.0,16.0,16.0,16.0,28.0,32.0,32.0,40.0
3.0,2.0,35.0,802,14.17,5312.0,12.0,20.0,24.0,28.0,32.0,32.0,32.0
4.0,2.0,14.0,802,17.75,1280.0,4.0,4.0,4.0,4.0,8.0,12.0,16.0
3.0,1.0,31.0,802,14.69,7360.0,24.0,40.0,40.0,40.0,40.0,48.0,48.0
3.0,2.0,13.0,802,15.58,4224.0,20.0,24.0,24.0,32.0,32.0,32.0,32.0
3.0,2.0,25.0,802,16.75,1664.0,4.0,8.0,8.0,12.0,12.0,16.0,16.0
3.0,2.0,46.0,802,14.67,3696.0,12.0,24.0,24.0,24.0,24.0,24.0,24.0
3.0,2.0,21.0,802,13.98,6136.0,20.0,28.0,36.0,36.0,36.0,36.0,36.0
3.0,4.0,35.0,802,17.49,4144.0,4.0,20.0,24.0,28.0,32.0,44.0,48.0
3.0,1.0,24.0,802,15.12,4008.0,8.0,16.0,20.0,20.0,24.0,24.0,28.0
3.0,2.0,11.0,802,16.7,4632.0,12.0,20.0,24.0,36.0,40.0,40.0,44.0
3.0,2.0,45.0,802,17.35,3944.0,4.0,12.0,28.0,28.0,32.0,40.0,44.0
3.0,2.0,16.0,802,15.72,4632.0,12.0,20.0,24.0,32.0,36.0,36.0,36.0
3.0,3.0,36.0,802,16.92,1600.0,4.0,4.0,4.0,8.0,16.0,16.0,16.0
3.0,2.0,12.0,802,17.54,1360.0,0.0,8.0,8.0,8.0,8.0,16.0,16.0
4.0,3.0,15.0,802,17.53,1704.0,4.0,4.0,8.0,12.0,12.0,16.0,20.0
3.0,4.0,11.0,802,16.78,3720.0,4.0,16.0,20.0,28.0,32.0,36.0,36.0
3.0,4.0,42.0,802,17.33,3240.0,4.0,8.0,12.0,28.0,32.0,36.0,36.0
3.0,2.0,15.0,802,15.83,2520.0,8.0,12.0,16.0,16.0,16.0,16.0,20.0
4.0,2.0,21.0,802,17.44,3848.0,0.0,16.0,20.0,20.0,36.0,44.0,44.0
3.0,1.0,44.0,802,15.98,3920.0,12.0,12.0,28.0,28.0,32.0,32.0,32.0
3.0,1.0,33.0,802,15.53,2664.0,4.0,16.0,20.0,20.0,20.0,20.0,20.0
4.0,1.0,12.0,802,17.01,6256.0,8.0,24.0,44.0,48.0,52.0,56.0,64.0
4.0,4.0,25.0,802,15.54,8512.0,20.0,40.0,56.0,56.0,60.0,60.0,64.0
3.0,1.0,43.0,802,14.74,4264.0,16.0,24.0,24.0,24.0,24.0,28.0,28.0
4.0,3.0,32.0,802,16.81,2464.0,4.0,8.0,16.0,20.0,20.0,24.0,24.0
4.0,2.0,11.0,802,16.53,2624.0,8.0,12.0,12.0,16.0,20.0,20.0,24.0
3.0,1.0,12.0,802,15.28,1672.0,8.0,8.0,8.0,8.0,12.0,12.0,12.0
3.0,3.0,25.0,802,16.35,4088.0,8.0,16.0,28.0,28.0,36.0,36.0,36.0
4.0,4.0,43.0,802,16.23,3728.0,12.0,16.0,24.0,24.0,28.0,32.0,32.0
3.0,1.0,12.0,802,14.52,6304.0,24.0,28.0,32.0,32.0,36.0,36.0,40.0
3.0,4.0,36.0,802,15.52,4272.0,8.0,16.0,28.0,28.0,28.0,32.0,32.0
3.0,4.0,14.0,802,15.54,4256.0,16.0,24.0,28.0,28.0,28.0,28.0,32.0
4.0,1.0,25.0,802,17.57,3376.0,8.0,12.0,20.0,20.0,24.0,36.0,40.0
4.0,1.0,33.0,802,17.29,4728.0,8.0,16.0,24.0,32.0,36.0,48.0,52.0
3.0,3.0,11.0,802,15.46,4320.0,8.0,20.0,28.0,32.0,32.0,32.0,32.0
3.0,3.0,21.0,802,14.09,10736.0,40.0,52.0,56.0,64.0,64.0,64.0,64.0
4.0,3.0,44.0,802,16.1,10056.0,24.0,52.0,64.0,68.0,76.0,84.0,84.0
4.0,2.0,24.0,802,17.55,5768.0,8.0,12.0,32.0,44.0,48.0,64.0,68.0
3.0,3.0,41.0,802,15.74,7688.0,16.0,32.0,40.0,44.0,52.0,56.0,60.0
4.0,3.0,13.0,802,18.15,2256.0,0.0,4.0,12.0,20.0,20.0,24.0,32.0
3.0,4.0,26.0,802,15.47,2696.0,4.0,16.0,20.0,20.0,20.0,20.0,20.0
3.0,3.0,32.0,802,15.9,6960.0,16.0,24.0,32.0,48.0,48.0,52.0,56.0
4.0,3.0,45.0,802,15.73,7704.0,24.0,32.0,48.0,48.0,56.0,56.0,60.0
3.0,1.0,31.0,802,14.07,10768.0,44.0,52.0,60.0,64.0,64.0,64.0,64.0
4.0,3.0,45.0,802,15.44,5960.0,24.0,32.0,32.0,36.0,40.0,40.0,44.0
3.0,3.0,24.0,802,14.44,3824.0,16.0,16.0,16.0,20.0,24.0,24.0,24.0
3.0,4.0,14.0,802,15.58,5816.0,16.0,24.0,28.0,40.0,44.0,44.0,44.0
3.0,1.0,41.0,802,14.97,11144.0,44.0,52.0,64.0,72.0,76.0,76.0,76.0
4.0,3.0,34.0,802,14.73,12192.0,52.0,64.0,76.0,76.0,76.0,76.0,80.0
4.0,3.0,24.0,802,16.85,4472.0,8.0,12.0,28.0,32.0,32.0,44.0,44.0
4.0,2.0,46.0,802,16.6,6032.0,4.0,20.0,32.0,48.0,56.0,56.0,56.0
4.0,3.0,36.0,802,15.3,5552.0,20.0,20.0,28.0,32.0,36.0,40.0,40.0
4.0,1.0,42.0,802,16.13,7128.0,20.0,28.0,48.0,52.0,56.0,56.0,60.0
4.0,3.0,46.0,802,14.79,9064.0,40.0,56.0,56.0,56.0,56.0,60.0,60.0
3.0,3.0,22.0,802,15.45,3784.0,4.0,20.0,24.0,28.0,28.0,28.0,28.0
4.0,4.0,14.0,802,15.74,8728.0,24.0,40.0,52.0,60.0,60.0,64.0,68.0
4.0,2.0,16.0,802,15.95,4928.0,12.0,16.0,20.0,28.0,36.0,36.0,40.0
4.0,1.0,15.0,802,14.47,3808.0,16.0,16.0,20.0,20.0,20.0,20.0,24.0
4.0,2.0,35.0,802,16.88,4032.0,8.0,20.0,20.0,24.0,32.0,40.0,40.0
4.0,3.0,45.0,802,15.83,2520.0,8.0,8.0,8.0,16.0,20.0,20.0,20.0
3.0,2.0,32.0,802,16.9,3216.0,8.0,12.0,16.0,24.0,28.0,32.0,32.0
3.0,1.0,36.0,802,16.17,6136.0,20.0,24.0,36.0,40.0,48.0,52.0,52.0
3.0,2.0,12.0,802,16.36,4984.0,8.0,16.0,24.0,32.0,40.0,44.0,44.0
4.0,2.0,11.0,802,16.95,9128.0,16.0,28.0,32.0,68.0,72.0,80.0,92.0
4.0,4.0,46.0,802,17.06,6960.0,12.0,28.0,40.0,52.0,56.0,68.0,72.0
4.0,1.0,16.0,802,15.5,7504.0,16.0,32.0,36.0,44.0,56.0,56.0,56.0
4.0,4.0,35.0,802,17.15,4528.0,8.0,16.0,24.0,32.0,40.0,40.0,48.0
4.0,4.0,15.0,802,16.06,4344.0,12.0,28.0,28.0,32.0,32.0,32.0,36.0
3.0,3.0,44.0,802,16.42,4480.0,8.0,12.0,28.0,32.0,36.0,40.0,40.0
4.0,2.0,31.0,802,16.67,3816.0,8.0,8.0,16.0,28.0,32.0,36.0,36.0
3.0,2.0,41.0,802,16.71,5040.0,12.0,16.0,28.0,36.0,40.0,44.0,48.0
3.0,3.0,12.0,802,15.62,6824.0,16.0,28.0,40.0,48.0,52.0,52.0,52.0
4.0,4.0,26.0,802,17.06,5016.0,4.0,24.0,32.0,36.0,40.0,44.0,52.0
3.0,3.0,44.0,802,16.82,5320.0,8.0,24.0,36.0,36.0,40.0,48.0,52.0
4.0,2.0,25.0,802,17.75,3840.0,0.0,12.0,16.0,28.0,36.0,40.0,48.0
4.0,1.0,14.0,802,15.87,7008.0,16.0,28.0,36.0,44.0,52.0,56.0,56.0
4.0,1.0,32.0,802,14.9,10088.0,24.0,56.0,64.0,64.0,64.0,64.0,68.0
4.0,3.0,12.0,802,15.25,11752.0,52.0,56.0,64.0,76.0,80.0,84.0,84.0
3.0,1.0,33.0,802,15.76,8680.0,24.0,48.0,48.0,60.0,64.0,68.0,68.0
4.0,1.0,43.0,802,16.7,4208.0,8.0,16.0,24.0,24.0,32.0,36.0,40.0
3.0,1.0,41.0,802,14.83,6600.0,28.0,32.0,36.0,40.0,40.0,40.0,44.0
3.0,1.0,13.0,802,17.28,4744.0,8.0,16.0,20.0,28.0,44.0,48.0,52.0
3.0,1.0,36.0,802,16.42,6712.0,20.0,28.0,36.0,48.0,56.0,56.0,60.0
4.0,3.0,16.0,802,17.88,3992.0,8.0,12.0,20.0,28.0,32.0,40.0,52.0
3.0,2.0,14.0,802,16.95,4360.0,8.0,8.0,28.0,28.0,32.0,44.0,44.0
3.0,4.0,13.0,802,15.1,4024.0,8.0,24.0,24.0,24.0,28.0,28.0,28.0
4.0,2.0,15.0,802,18.27,1352.0,0.0,0.0,8.0,8.0,12.0,20.0,20.0
4.0,3.0,12.0,802,17.85,2480.0,4.0,4.0,16.0,16.0,20.0,32.0,32.0
4.0,3.0,14.0,802,16.07,6736.0,8.0,28.0,36.0,48.0,52.0,52.0,56.0
3.0,1.0,44.0,802,14.97,6456.0,24.0,28.0,28.0,36.0,40.0,44.0,44.0
3.0,3.0,31.0,802,14.75,11560.0,40.0,52.0,64.0,68.0,72.0,76.0,76.0
4.0,4.0,36.0,802,13.47,12424.0,40.0,52.0,60.0,64.0,68.0,68.0,68.0
4.0,3.0,12.0,802,16.77,4552.0,12.0,20.0,28.0,28.0,32.0,40.0,44.0
4.0,1.0,44.0,802,16.64,5120.0,4.0,12.0,28.0,36.0,40.0,40.0,48.0
3.0,1.0,45.0,802,14.62,6208.0,20.0,36.0,36.0,36.0,40.0,40.0,40.0
3.0,3.0,22.0,802,18.13,2552.0,4.0,4.0,16.0,16.0,24.0,28.0,36.0
4.0,4.0,12.0,802,15.7,4648.0,16.0,16.0,20.0,28.0,32.0,32.0,36.0
3.0,2.0,24.0,802,15.3,8328.0,24.0,36.0,56.0,56.0,56.0,56.0,60.0
4.0,4.0,32.0,802,13.61,13640.0,60.0,68.0,76.0,76.0,76.0,76.0,76.0
3.0,3.0,34.0,802,15.53,6400.0,20.0,28.0,32.0,40.0,48.0,48.0,48.0
3.0,3.0,43.0,802,16.95,7544.0,8.0,24.0,44.0,56.0,72.0,72.0,76.0
4.0,4.0,32.0,802,16.9,8424.0,12.0,24.0,44.0,72.0,76.0,80.0,84.0
3.0,3.0,16.0,802,17.19,5608.0,16.0,20.0,32.0,40.0,52.0,52.0,60.0
3.0,2.0,31.0,802,15.64,5752.0,16.0,20.0,28.0,36.0,40.0,40.0,44.0
3.0,1.0,12.0,802,15.99,7824.0,20.0,32.0,44.0,56.0,64.0,64.0,64.0
4.0,4.0,21.0,802,16.56,3472.0,8.0,16.0,20.0,20.0,28.0,28.0,32.0
3.0,3.0,33.0,802,15.85,10048.0,28.0,48.0,68.0,72.0,76.0,76.0,80.0
4.0,3.0,43.0,802,14.6,13080.0,56.0,68.0,72.0,80.0,80.0,80.0,84.0
4.0,4.0,44.0,802,15.47,7000.0,16.0,24.0,36.0,44.0,52.0,52.0,52.0
4.0,2.0,43.0,802,17.77,3184.0,0.0,8.0,12.0,20.0,32.0,40.0,40.0
3.0,3.0,12.0,802,15.36,7144.0,24.0,32.0,44.0,44.0,48.0,48.0,52.0
4.0,3.0,26.0,802,15.26,9496.0,28.0,36.0,56.0,56.0,60.0,60.0,68.0
4.0,1.0,25.0,802,16.49,7496.0,12.0,36.0,44.0,52.0,60.0,64.0,68.0
4.0,4.0,35.0,802,16.68,6344.0,16.0,28.0,36.0,40.0,48.0,56.0,60.0
3.0,4.0,36.0,802,15.0,11680.0,36.0,56.0,72.0,72.0,76.0,80.0,80.0
4.0,3.0,31.0,802,14.24,13800.0,64.0,68.0,84.0,84.0,84.0,84.0,84.0
4.0,2.0,12.0,802,16.43,8048.0,16.0,36.0,48.0,60.0,64.0,68.0,72.0
4.0,4.0,21.0,802,15.45,9728.0,32.0,44.0,56.0,68.0,72.0,72.0,72.0
3.0,2.0,42.0,802,16.04,3872.0,8.0,20.0,28.0,28.0,32.0,32.0,32.0
3.0,2.0,41.0,802,15.0,7008.0,24.0,28.0,36.0,40.0,44.0,48.0,48.0
3.0,1.0,21.0,802,17.13,5688.0,8.0,16.0,20.0,44.0,52.0,60.0,60.0
4.0,1.0,35.0,802,16.15,6624.0,20.0,32.0,40.0,48.0,52.0,52.0,56.0
4.0,1.0,43.0,802,16.04,6784.0,12.0,20.0,48.0,56.0,56.0,56.0,56.0
4.0,4.0,31.0,802,15.76,8680.0,28.0,44.0,48.0,52.0,56.0,60.0,68.0
3.0,2.0,24.0,802,16.27,6008.0,12.0,28.0,40.0,40.0,44.0,48.0,52.0
4.0,3.0,33.0,802,15.68,5704.0,24.0,32.0,32.0,36.0,40.0,40.0,44.0
4.0,1.0,21.0,802,16.17,9440.0,12.0,36.0,60.0,68.0,80.0,80.0,80.0
4.0,3.0,13.0,802,14.77,9696.0,32.0,48.0,60.0,64.0,64.0,64.0,64.0
4.0,1.0,42.0,802,16.92,4800.0,8.0,16.0,24.0,28.0,32.0,40.0,48.0
4.0,4.0,22.0,802,16.12,6200.0,8.0,28.0,40.0,44.0,48.0,52.0,52.0
3.0,4.0,35.0,802,16.82,4912.0,8.0,16.0,28.0,36.0,44.0,44.0,48.0
3.0,1.0,11.0,802,15.01,9328.0,32.0,44.0,56.0,56.0,60.0,60.0,64.0
4.0,4.0,42.0,802,14.54,8168.0,32.0,32.0,40.0,48.0,48.0,52.0,52.0
4.0,3.0,43.0,802,17.0,3920.0,4.0,12.0,24.0,28.0,36.0,40.0,40.0
3.0,2.0,15.0,802,15.43,10848.0,32.0,52.0,56.0,72.0,76.0,80.0,80.0
4.0,4.0,13.0,802,14.74,8528.0,32.0,40.0,48.0,52.0,56.0,56.0,56.0
3.0,2.0,34.0,802,17.77,2544.0,0.0,4.0,16.0,20.0,28.0,28.0,32.0
4.0,1.0,33.0,802,18.48,1752.0,0.0,0.0,0.0,12.0,20.0,28.0,28.0
3.0,1.0,32.0,802,15.43,7600.0,16.0,28.0,44.0,52.0,52.0,56.0,56.0
4.0,3.0,11.0,802,17.97,3880.0,0.0,12.0,20.0,24.0,36.0,44.0,52.0
3.0,2.0,32.0,802,16.22,5600.0,20.0,32.0,36.0,40.0,40.0,40.0,48.0
4.0,4.0,33.0,802,16.76,6232.0,4.0,12.0,28.0,48.0,56.0,60.0,60.0
3.0,1.0,16.0,802,15.65,6256.0,20.0,40.0,40.0,44.0,48.0,48.0,48.0
3.0,1.0,34.0,802,15.05,9264.0,32.0,48.0,56.0,60.0,64.0,64.0,64.0
4.0,4.0,23.0,802,16.36,6352.0,24.0,28.0,40.0,40.0,48.0,52.0,56.0
4.0,1.0,13.0,802,16.94,6368.0,12.0,20.0,44.0,52.0,52.0,52.0,64.0
4.0,4.0,45.0,802,16.51,5704.0,16.0,24.0,32.0,40.0,48.0,48.0,52.0
3.0,1.0,24.0,802,15.73,8224.0,20.0,36.0,52.0,60.0,64.0,64.0,64.0
4.0,4.0,11.0,802,16.75,4160.0,4.0,16.0,20.0,32.0,36.0,40.0,40.0
4.0,1.0,26.0,802,17.94,3320.0,4.0,4.0,12.0,20.0,32.0,44.0,44.0
4.0,1.0,32.0,802,16.88,5648.0,12.0,32.0,36.0,36.0,40.0,48.0,56.0
4.0,4.0,23.0,802,16.17,3304.0,8.0,12.0,20.0,24.0,28.0,28.0,28.0
3.0,3.0,11.0,802,16.59,5608.0,12.0,24.0,32.0,40.0,44.0,52.0,52.0
4.0,4.0,33.0,802,17.35,3584.0,8.0,8.0,16.0,24.0,32.0,36.0,40.0
4.0,1.0,24.0,802,15.61,4728.0,12.0,20.0,28.0,36.0,36.0,36.0,36.0
3.0,4.0,34.0,802,16.53,4368.0,16.0,20.0,28.0,28.0,28.0,40.0,40.0
4.0,4.0,31.0,802,16.78,2480.0,8.0,8.0,12.0,12.0,16.0,20.0,24.0
3.0,1.0,25.0,802,15.14,3424.0,4.0,12.0,16.0,24.0,24.0,24.0,24.0
3.0,2.0,42.0,802,16.62,3000.0,4.0,12.0,20.0,24.0,28.0,28.0,28.0
4.0,3.0,34.0,802,16.78,4960.0,8.0,24.0,32.0,36.0,44.0,44.0,48.0
3.0,1.0,22.0,802,16.0,4392.0,8.0,20.0,28.0,32.0,36.0,36.0,36.0
3.0,3.0,42.0,802,16.51,5704.0,16.0,20.0,40.0,40.0,44.0,52.0,52.0
4.0,3.0,46.0,802,16.01,7792.0,20.0,28.0,48.0,52.0,64.0,64.0,64.0
4.0,1.0,45.0,802,17.53,2048.0,4.0,4.0,16.0,16.0,16.0,16.0,24.0
3.0,4.0,22.0,802,17.17,1880.0,4.0,4.0,12.0,12.0,16.0,16.0,20.0
3.0,2.0,31.0,802,15.72,8240.0,32.0,40.0,48.0,52.0,56.0,56.0,64.0
4.0,4.0,14.0,802,18.22,824.0,0.0,4.0,4.0,4.0,4.0,12.0,12.0
3.0,4.0,33.0,802,17.14,4920.0,12.0,12.0,16.0,36.0,40.0,52.0,52.0
4.0,4.0,23.0,802,16.51,5704.0,8.0,20.0,36.0,44.0,52.0,52.0,52.0
3.0,1.0,45.0,802,15.41,8720.0,28.0,36.0,52.0,56.0,60.0,64.0,64.0
4.0,2.0,46.0,802,14.97,9392.0,32.0,36.0,56.0,60.0,64.0,64.0,64.0
4.0,3.0,33.0,802,15.38,9856.0,44.0,52.0,56.0,56.0,64.0,72.0,72.0
3.0,4.0,44.0,802,16.27,2312.0,4.0,12.0,12.0,16.0,20.0,20.0,20.0
4.0,2.0,22.0,802,16.27,6464.0,16.0,24.0,36.0,36.0,48.0,52.0,56.0
4.0,1.0,36.0,802,16.05,8216.0,20.0,24.0,44.0,60.0,68.0,68.0,68.0
4.0,4.0,16.0,802,15.92,6944.0,20.0,28.0,44.0,48.0,52.0,56.0,56.0
3.0,2.0,11.0,802,16.24,5584.0,12.0,24.0,32.0,32.0,44.0,48.0,48.0
3.0,1.0,34.0,802,16.29,7816.0,16.0,40.0,44.0,52.0,60.0,68.0,68.0
3.0,3.0,42.0,802,16.05,6768.0,12.0,32.0,40.0,44.0,52.0,56.0,56.0
3.0,1.0,46.0,802,15.6,7896.0,20.0,36.0,44.0,48.0,56.0,60.0,60.0
3.0,1.0,45.0,802,15.68,6224.0,24.0,24.0,32.0,44.0,48.0,48.0,48.0
3.0,2.0,42.0,802,16.22,5600.0,16.0,28.0,36.0,36.0,40.0,44.0,48.0
3.0,4.0,21.0,802,15.67,7280.0,20.0,32.0,44.0,48.0,52.0,52.0,56.0
4.0,4.0,26.0,802,14.76,10928.0,44.0,44.0,56.0,64.0,64.0,72.0,72.0
3.0,4.0,21.0,802,15.65,8352.0,32.0,40.0,44.0,52.0,52.0,60.0,64.0
4.0,4.0,36.0,802,15.86,10032.0,32.0,44.0,52.0,64.0,68.0,76.0,80.0
3.0,3.0,15.0,802,15.7,9816.0,32.0,44.0,56.0,64.0,64.0,72.0,76.0
4.0,4.0,33.0,802,16.27,9704.0,24.0,40.0,60.0,72.0,76.0,76.0,84.0
3.0,1.0,35.0,802,16.94,5176.0,16.0,20.0,32.0,36.0,40.0,48.0,52.0
4.0,1.0,44.0,802,16.67,5512.0,12.0,24.0,28.0,36.0,44.0,52.0,52.0
3.0,3.0,26.0,802,16.01,6816.0,20.0,32.0,40.0,40.0,40.0,52.0,56.0
4.0,2.0,34.0,802,17.45,3832.0,0.0,8.0,20.0,28.0,36.0,44.0,44.0
4.0,4.0,36.0,802,17.23,5544.0,12.0,24.0,28.0,40.0,44.0,52.0,60.0
3.0,2.0,44.0,802,14.36,11616.0,36.0,52.0,64.0,64.0,68.0,72.0,72.0
4.0,3.0,44.0,802,16.19,7048.0,20.0,28.0,44.0,52.0,56.0,56.0,60.0
4.0,3.0,44.0,802,16.67,5512.0,8.0,20.0,24.0,36.0,40.0,44.0,52.0
3.0,3.0,13.0,802,16.78,7848.0,16.0,32.0,40.0,48.0,56.0,64.0,76.0
4.0,4.0,46.0,802,16.45,8456.0,16.0,24.0,48.0,72.0,76.0,76.0,76.0
4.0,2.0,23.0,802,16.03,7760.0,20.0,24.0,40.0,44.0,52.0,64.0,64.0
3.0,3.0,14.0,802,15.89,9968.0,20.0,40.0,56.0,68.0,76.0,80.0,80.0
4.0,4.0,43.0,802,15.92,8928.0,28.0,36.0,48.0,56.0,68.0,72.0,72.0
4.0,4.0,22.0,802,17.76,4464.0,4.0,4.0,16.0,32.0,48.0,56.0,56.0
4.0,2.0,42.0,802,17.44,4896.0,4.0,20.0,28.0,36.0,44.0,48.0,56.0
3.0,3.0,22.0,802,16.03,8248.0,16.0,40.0,48.0,60.0,60.0,60.0,68.0
3.0,1.0,42.0,815,16.9,5224.0,12.0,20.0,28.0,36.0,48.0,48.0,52.0
4.0,4.0,21.0,815,16.81,2464.0,0.0,8.0,8.0,20.0,24.0,24.0,24.0
3.0,4.0,26.0,815,16.64,2560.0,0.0,4.0,24.0,24.0,24.0,24.0,24.0
3.0,1.0,33.0,815,16.51,6144.0,8.0,24.0,32.0,44.0,52.0,52.0,56.0
4.0,1.0,44.0,815,17.56,2032.0,0.0,0.0,12.0,16.0,20.0,24.0,24.0
3.0,2.0,15.0,815,16.97,6320.0,12.0,20.0,40.0,48.0,56.0,60.0,64.0
4.0,3.0,23.0,815,19.61,424.0,0.0,0.0,0.0,0.0,4.0,8.0,12.0
4.0,2.0,46.0,815,16.57,3896.0,8.0,16.0,24.0,24.0,24.0,28.0,36.0
3.0,2.0,22.0,815,16.76,5808.0,8.0,20.0,36.0,40.0,52.0,52.0,56.0
4.0,2.0,13.0,815,18.53,1224.0,0.0,0.0,0.0,4.0,16.0,20.0,20.0
4.0,1.0,32.0,815,17.3,1816.0,4.0,12.0,12.0,12.0,12.0,16.0,20.0
3.0,2.0,33.0,815,16.64,5968.0,8.0,24.0,32.0,44.0,52.0,52.0,56.0
3.0,3.0,23.0,815,17.08,3840.0,12.0,12.0,16.0,24.0,32.0,36.0,40.0
3.0,4.0,24.0,815,15.19,3392.0,12.0,20.0,20.0,20.0,20.0,20.0,24.0
3.0,3.0,16.0,815,16.89,3624.0,8.0,20.0,24.0,24.0,28.0,32.0,36.0
3.0,1.0,31.0,815,15.69,8288.0,28.0,40.0,52.0,52.0,60.0,64.0,64.0
3.0,2.0,35.0,815,17.17,2256.0,4.0,4.0,16.0,20.0,20.0,24.0,24.0
3.0,2.0,11.0,815,16.4,6288.0,16.0,20.0,32.0,48.0,52.0,52.0,56.0
3.0,4.0,35.0,815,16.9,2008.0,0.0,4.0,12.0,16.0,20.0,20.0,20.0
3.0,1.0,14.0,815,16.26,6952.0,12.0,28.0,44.0,52.0,56.0,56.0,60.0
4.0,3.0,42.0,815,17.02,2728.0,0.0,8.0,16.0,24.0,24.0,24.0,28.0
4.0,3.0,33.0,815,14.83,600.0,4.0,4.0,4.0,4.0,4.0,4.0,4.0
3.0,4.0,22.0,815,16.59,3880.0,16.0,20.0,20.0,24.0,24.0,32.0,36.0
4.0,3.0,46.0,815,17.59,3016.0,8.0,8.0,12.0,12.0,24.0,32.0,36.0
4.0,4.0,35.0,815,16.35,3632.0,8.0,12.0,16.0,28.0,32.0,32.0,32.0
4.0,4.0,34.0,815,18.24,1912.0,0.0,0.0,4.0,12.0,20.0,28.0,28.0
4.0,1.0,34.0,815,17.2,1864.0,0.0,0.0,8.0,20.0,20.0,20.0,20.0
3.0,3.0,14.0,815,16.72,3768.0,8.0,12.0,16.0,28.0,32.0,36.0,36.0
4.0,4.0,12.0,815,17.12,4184.0,4.0,12.0,16.0,40.0,44.0,44.0,44.0
4.0,2.0,35.0,815,18.22,824.0,0.0,0.0,4.0,4.0,8.0,8.0,12.0
3.0,1.0,15.0,815,16.29,6448.0,16.0,24.0,40.0,44.0,52.0,56.0,56.0
3.0,3.0,15.0,815,17.08,2304.0,4.0,8.0,12.0,16.0,20.0,20.0,24.0
4.0,2.0,33.0,815,18.35,2096.0,0.0,4.0,8.0,12.0,24.0,28.0,32.0
4.0,1.0,41.0,815,17.57,1688.0,4.0,4.0,8.0,12.0,12.0,20.0,20.0
4.0,2.0,11.0,815,17.19,3368.0,4.0,4.0,12.0,20.0,28.0,36.0,36.0
3.0,1.0,24.0,815,15.57,7408.0,16.0,40.0,56.0,56.0,56.0,56.0,56.0
3.0,3.0,31.0,815,17.0,3528.0,4.0,8.0,28.0,28.0,28.0,32.0,36.0
4.0,2.0,21.0,815,17.75,2560.0,0.0,4.0,16.0,20.0,24.0,28.0,32.0
4.0,3.0,15.0,815,16.81,2872.0,8.0,12.0,16.0,16.0,16.0,24.0,28.0
3.0,4.0,42.0,815,17.14,4168.0,4.0,12.0,28.0,36.0,36.0,40.0,44.0
3.0,4.0,23.0,815,14.71,4896.0,20.0,24.0,24.0,24.0,32.0,32.0,32.0
4.0,2.0,14.0,815,16.62,3000.0,4.0,12.0,20.0,24.0,24.0,28.0,28.0
3.0,1.0,45.0,815,15.45,5408.0,12.0,16.0,28.0,36.0,40.0,40.0,40.0
4.0,3.0,32.0,815,17.75,1280.0,0.0,4.0,4.0,4.0,16.0,16.0,16.0
3.0,2.0,16.0,815,17.63,3312.0,0.0,12.0,20.0,20.0,32.0,40.0,40.0
4.0,2.0,34.0,815,15.67,3120.0,4.0,16.0,16.0,24.0,24.0,24.0,24.0
3.0,4.0,41.0,815,13.25,1504.0,4.0,4.0,4.0,4.0,8.0,8.0,8.0
3.0,3.0,11.0,815,17.54,2720.0,0.0,8.0,8.0,20.0,28.0,32.0,32.0
3.0,3.0,35.0,815,16.92,5192.0,4.0,12.0,32.0,36.0,40.0,48.0,52.0
4.0,3.0,22.0,815,17.95,3008.0,8.0,8.0,12.0,20.0,24.0,36.0,40.0
3.0,2.0,15.0,815,17.33,3240.0,4.0,12.0,16.0,20.0,32.0,32.0,36.0
4.0,1.0,13.0,815,15.52,4272.0,16.0,20.0,24.0,24.0,24.0,32.0,32.0
3.0,4.0,21.0,815,17.12,3808.0,4.0,12.0,20.0,28.0,32.0,40.0,40.0
3.0,2.0,26.0,815,17.5,1376.0,4.0,4.0,8.0,8.0,12.0,12.0,16.0
3.0,3.0,45.0,815,16.51,5704.0,8.0,16.0,28.0,36.0,36.0,48.0,52.0
3.0,2.0,14.0,815,17.56,2032.0,4.0,8.0,12.0,12.0,12.0,20.0,24.0
3.0,1.0,34.0,815,16.56,6080.0,12.0,24.0,32.0,40.0,52.0,56.0,56.0
3.0,3.0,44.0,815,16.88,2824.0,0.0,8.0,20.0,24.0,24.0,28.0,28.0
4.0,3.0,43.0,815,17.0,2352.0,4.0,8.0,12.0,16.0,24.0,24.0,24.0
4.0,2.0,23.0,815,17.57,2360.0,4.0,4.0,4.0,20.0,24.0,24.0,28.0
4.0,2.0,45.0,815,17.29,1456.0,0.0,4.0,8.0,8.0,16.0,16.0,16.0
4.0,1.0,22.0,815,17.25,736.0,0.0,0.0,4.0,4.0,8.0,8.0,8.0
4.0,4.0,13.0,815,17.5,1720.0,0.0,8.0,8.0,12.0,16.0,16.0,20.0
4.0,4.0,42.0,815,17.93,2728.0,4.0,8.0,8.0,16.0,24.0,32.0,36.0
3.0,2.0,45.0,815,15.8,9136.0,16.0,44.0,56.0,68.0,72.0,72.0,72.0
4.0,4.0,14.0,815,16.11,7632.0,12.0,32.0,48.0,52.0,56.0,64.0,64.0
4.0,2.0,31.0,815,16.58,2592.0,12.0,12.0,16.0,16.0,16.0,20.0,24.0
4.0,1.0,24.0,815,17.77,1592.0,0.0,4.0,8.0,16.0,16.0,16.0,20.0
3.0,2.0,32.0,815,17.37,3208.0,8.0,12.0,16.0,24.0,28.0,32.0,36.0
4.0,2.0,15.0,815,18.33,264.0,0.0,0.0,0.0,0.0,4.0,4.0,4.0
3.0,3.0,42.0,815,14.85,4784.0,4.0,24.0,24.0,32.0,32.0,32.0,32.0
3.0,1.0,23.0,815,14.85,7784.0,16.0,36.0,48.0,52.0,52.0,52.0,52.0
4.0,4.0,15.0,815,17.69,2936.0,0.0,8.0,12.0,20.0,28.0,36.0,36.0
3.0,1.0,32.0,815,15.85,4520.0,12.0,16.0,32.0,32.0,36.0,36.0,36.0
4.0,4.0,25.0,815,16.27,3696.0,4.0,12.0,24.0,28.0,32.0,32.0,32.0
3.0,2.0,32.0,815,16.51,6584.0,16.0,20.0,32.0,40.0,60.0,60.0,60.0
3.0,4.0,45.0,815,16.54,3928.0,8.0,12.0,20.0,24.0,36.0,36.0,36.0
3.0,4.0,43.0,815,16.07,4328.0,8.0,12.0,20.0,20.0,28.0,32.0,36.0
3.0,3.0,34.0,815,15.97,2456.0,4.0,12.0,16.0,20.0,20.0,20.0,20.0
3.0,1.0,25.0,815,17.0,4704.0,12.0,24.0,24.0,40.0,40.0,40.0,48.0
4.0,2.0,36.0,815,17.67,1640.0,0.0,0.0,4.0,16.0,16.0,20.0,20.0
3.0,3.0,25.0,815,15.82,6568.0,16.0,24.0,44.0,48.0,48.0,48.0,52.0
3.0,4.0,36.0,815,17.18,3744.0,4.0,12.0,24.0,28.0,28.0,36.0,40.0
4.0,4.0,31.0,815,17.42,2112.0,0.0,8.0,12.0,16.0,16.0,24.0,24.0
3.0,2.0,21.0,815,16.58,6488.0,12.0,32.0,40.0,48.0,52.0,52.0,60.0
4.0,1.0,31.0,815,16.87,2024.0,0.0,0.0,12.0,20.0,20.0,20.0,20.0
4.0,3.0,12.0,815,16.53,2184.0,4.0,4.0,4.0,12.0,16.0,20.0,20.0
3.0,2.0,12.0,815,16.62,7288.0,12.0,24.0,52.0,52.0,64.0,68.0,68.0
3.0,3.0,45.0,815,16.7,3784.0,8.0,12.0,20.0,32.0,32.0,32.0,36.0
3.0,1.0,41.0,815,17.25,6264.0,12.0,16.0,36.0,40.0,56.0,68.0,68.0
4.0,4.0,46.0,815,17.24,5168.0,8.0,8.0,20.0,24.0,40.0,52.0,56.0
3.0,3.0,12.0,815,15.67,3640.0,4.0,16.0,24.0,28.0,28.0,28.0,28.0
4.0,1.0,36.0,815,17.36,4288.0,0.0,12.0,24.0,36.0,40.0,44.0,48.0
4.0,1.0,15.0,815,17.14,4168.0,0.0,20.0,20.0,28.0,36.0,44.0,44.0
3.0,4.0,34.0,815,16.92,4000.0,8.0,16.0,24.0,24.0,32.0,36.0,40.0
4.0,3.0,34.0,815,16.8,2056.0,4.0,4.0,16.0,16.0,16.0,20.0,20.0
3.0,2.0,23.0,815,16.21,3272.0,4.0,8.0,16.0,20.0,20.0,24.0,28.0
4.0,3.0,45.0,815,16.82,5320.0,12.0,20.0,28.0,36.0,36.0,48.0,52.0
3.0,2.0,25.0,815,17.15,3776.0,0.0,12.0,24.0,28.0,40.0,40.0,40.0
4.0,4.0,24.0,815,17.86,1856.0,0.0,0.0,0.0,16.0,20.0,24.0,24.0
3.0,2.0,42.0,815,16.98,6696.0,12.0,20.0,44.0,56.0,60.0,64.0,68.0
4.0,2.0,25.0,815,17.75,640.0,0.0,0.0,0.0,4.0,8.0,8.0,8.0
4.0,1.0,46.0,815,17.5,1032.0,0.0,4.0,4.0,4.0,12.0,12.0,12.0
3.0,3.0,41.0,815,17.15,3776.0,4.0,12.0,16.0,28.0,40.0,40.0,40.0
4.0,1.0,16.0,815,17.2,3352.0,4.0,12.0,20.0,24.0,28.0,32.0,36.0
3.0,4.0,12.0,815,14.5,632.0,4.0,4.0,4.0,4.0,4.0,4.0,4.0
4.0,4.0,45.0,815,17.57,2360.0,4.0,12.0,12.0,16.0,16.0,20.0,28.0
3.0,2.0,42.0,815,16.98,4328.0,4.0,16.0,16.0,28.0,36.0,44.0,44.0
3.0,2.0,13.0,815,18.04,3504.0,4.0,12.0,20.0,20.0,32.0,36.0,48.0
4.0,1.0,26.0,815,18.92,832.0,0.0,0.0,0.0,0.0,12.0,16.0,16.0
3.0,3.0,46.0,815,16.74,4584.0,12.0,16.0,24.0,24.0,36.0,44.0,44.0
4.0,1.0,45.0,815,17.63,1328.0,0.0,0.0,4.0,12.0,16.0,16.0,16.0
3.0,1.0,12.0,815,18.19,3888.0,0.0,4.0,8.0,24.0,44.0,56.0,56.0
4.0,2.0,43.0,815,17.47,1736.0,4.0,8.0,8.0,12.0,12.0,16.0,20.0
4.0,2.0,32.0,815,16.28,1384.0,0.0,8.0,8.0,12.0,12.0,12.0,12.0
4.0,2.0,24.0,815,18.18,2784.0,0.0,8.0,12.0,20.0,24.0,36.0,40.0
3.0,1.0,16.0,815,17.38,4272.0,4.0,8.0,20.0,36.0,40.0,44.0,48.0
4.0,4.0,22.0,815,17.33,1080.0,0.0,8.0,8.0,8.0,8.0,8.0,12.0
4.0,4.0,44.0,815,16.7,2104.0,4.0,12.0,12.0,16.0,16.0,20.0,20.0
4.0,4.0,41.0,815,16.0,3904.0,8.0,12.0,20.0,28.0,28.0,28.0,32.0
4.0,1.0,33.0,815,16.72,2512.0,0.0,4.0,16.0,24.0,24.0,24.0,24.0
3.0,2.0,43.0,815,17.08,3072.0,4.0,16.0,16.0,20.0,28.0,28.0,32.0
3.0,4.0,44.0,815,16.36,2720.0,4.0,12.0,16.0,16.0,16.0,16.0,24.0
4.0,2.0,42.0,815,17.26,2568.0,8.0,8.0,16.0,16.0,24.0,28.0,28.0
4.0,3.0,11.0,815,16.6,2152.0,4.0,4.0,12.0,16.0,16.0,16.0,20.0
4.0,4.0,33.0,815,18.61,1424.0,0.0,4.0,4.0,8.0,12.0,20.0,24.0
3.0,2.0,23.0,815,17.57,3032.0,4.0,4.0,12.0,24.0,32.0,32.0,36.0
4.0,1.0,35.0,815,18.83,432.0,0.0,0.0,0.0,4.0,4.0,8.0,8.0
3.0,2.0,44.0,815,16.53,2184.0,0.0,8.0,8.0,20.0,20.0,20.0,20.0
3.0,3.0,16.0,815,17.15,3024.0,0.0,12.0,20.0,24.0,24.0,32.0,32.0
3.0,3.0,24.0,815,17.29,2552.0,4.0,4.0,12.0,20.0,24.0,28.0,28.0
3.0,3.0,35.0,815,17.31,4352.0,4.0,8.0,28.0,36.0,40.0,40.0,48.0
4.0,4.0,23.0,815,16.28,1384.0,4.0,4.0,8.0,12.0,12.0,12.0,12.0
3.0,2.0,23.0,815,17.12,2664.0,4.0,12.0,16.0,20.0,20.0,24.0,28.0
4.0,2.0,44.0,815,16.57,3896.0,4.0,8.0,28.0,28.0,36.0,36.0,36.0
3.0,3.0,26.0,815,15.72,3088.0,8.0,16.0,16.0,24.0,24.0,24.0,24.0
3.0,3.0,43.0,815,15.78,3056.0,4.0,8.0,16.0,20.0,20.0,24.0,24.0
4.0,3.0,35.0,815,17.17,3384.0,4.0,4.0,20.0,24.0,36.0,36.0,36.0
3.0,3.0,13.0,815,17.03,3888.0,4.0,8.0,20.0,36.0,36.0,36.0,40.0
4.0,4.0,43.0,815,15.92,1984.0,4.0,4.0,8.0,12.0,12.0,12.0,16.0
3.0,2.0,22.0,815,16.33,4560.0,12.0,16.0,20.0,36.0,36.0,36.0,40.0
4.0,3.0,16.0,815,16.13,3808.0,8.0,16.0,20.0,32.0,32.0,32.0,32.0
4.0,3.0,41.0,815,17.96,4504.0,4.0,12.0,20.0,32.0,40.0,48.0,60.0
3.0,3.0,22.0,815,16.98,2760.0,4.0,8.0,16.0,16.0,28.0,28.0,28.0
4.0,1.0,25.0,815,18.13,3688.0,4.0,12.0,20.0,28.0,28.0,36.0,52.0
3.0,3.0,33.0,815,16.82,4096.0,4.0,20.0,28.0,32.0,36.0,40.0,40.0
4.0,3.0,14.0,815,18.07,2024.0,0.0,4.0,12.0,12.0,24.0,24.0,28.0
3.0,2.0,34.0,815,17.72,3232.0,0.0,8.0,20.0,28.0,28.0,32.0,40.0
4.0,2.0,12.0,815,17.61,2000.0,8.0,8.0,8.0,12.0,16.0,16.0,24.0
3.0,2.0,46.0,815,17.0,1960.0,0.0,8.0,8.0,16.0,20.0,20.0,20.0
3.0,3.0,26.0,815,17.33,4320.0,0.0,16.0,20.0,32.0,44.0,44.0,48.0
4.0,2.0,16.0,815,17.93,2120.0,0.0,0.0,16.0,16.0,20.0,24.0,28.0
3.0,4.0,14.0,815,15.57,3704.0,8.0,12.0,20.0,24.0,24.0,28.0,28.0
4.0,4.0,26.0,815,16.89,3624.0,12.0,12.0,16.0,28.0,28.0,32.0,36.0
3.0,1.0,43.0,815,16.96,4752.0,8.0,16.0,24.0,36.0,44.0,44.0,48.0
4.0,3.0,25.0,815,16.35,4088.0,8.0,8.0,24.0,32.0,32.0,36.0,36.0
3.0,4.0,33.0,815,16.61,3864.0,12.0,16.0,20.0,24.0,28.0,32.0,36.0
4.0,4.0,16.0,815,17.67,2296.0,4.0,8.0,8.0,8.0,16.0,24.0,28.0
3.0,1.0,22.0,815,15.92,4960.0,20.0,20.0,28.0,36.0,40.0,40.0,40.0
4.0,1.0,14.0,815,17.46,1392.0,4.0,4.0,8.0,8.0,8.0,16.0,16.0
3.0,4.0,46.0,815,18.83,648.0,0.0,0.0,0.0,8.0,8.0,8.0,12.0
3.0,2.0,33.0,815,17.11,6096.0,8.0,16.0,36.0,48.0,52.0,56.0,64.0
4.0,1.0,42.0,815,16.42,1792.0,4.0,8.0,8.0,12.0,16.0,16.0,16.0
4.0,2.0,41.0,815,18.02,2056.0,0.0,0.0,8.0,20.0,20.0,24.0,28.0
3.0,1.0,44.0,815,16.67,2120.0,0.0,4.0,12.0,20.0,20.0,20.0,20.0
4.0,3.0,13.0,815,17.85,2480.0,4.0,4.0,12.0,12.0,16.0,20.0,32.0
3.0,1.0,13.0,815,15.13,2856.0,12.0,12.0,12.0,12.0,12.0,20.0,20.0
4.0,2.0,22.0,815,15.79,2032.0,4.0,12.0,12.0,12.0,16.0,16.0,16.0
3.0,1.0,46.0,815,16.04,6296.0,20.0,24.0,36.0,40.0,48.0,48.0,52.0
3.0,3.0,36.0,815,17.44,5600.0,4.0,12.0,28.0,44.0,52.0,56.0,64.0
4.0,3.0,26.0,815,14.79,2416.0,12.0,12.0,12.0,16.0,16.0,16.0,16.0
3.0,1.0,21.0,815,14.98,5272.0,12.0,24.0,32.0,36.0,36.0,36.0,36.0
4.0,1.0,43.0,815,16.55,3048.0,8.0,12.0,16.0,24.0,28.0,28.0,28.0
3.0,2.0,13.0,815,17.6,4016.0,4.0,8.0,20.0,32.0,36.0,44.0,48.0
3.0,1.0,36.0,815,15.89,5984.0,16.0,24.0,40.0,44.0,48.0,48.0,48.0
3.0,3.0,32.0,815,17.67,3280.0,0.0,4.0,16.0,28.0,36.0,40.0,40.0
3.0,4.0,16.0,815,17.67,1312.0,0.0,4.0,8.0,8.0,12.0,16.0,16.0
3.0,2.0,41.0,815,16.54,6976.0,12.0,28.0,44.0,52.0,60.0,64.0,64.0
3.0,1.0,35.0,815,15.33,7728.0,20.0,32.0,48.0,52.0,56.0,56.0,56.0
3.0,4.0,11.0,815,16.44,2672.0,4.0,12.0,20.0,20.0,20.0,24.0,24.0
4.0,1.0,21.0,815,16.97,2368.0,8.0,8.0,8.0,12.0,16.0,16.0,24.0
3.0,4.0,25.0,815,17.53,1704.0,4.0,4.0,8.0,12.0,16.0,16.0,20.0
3.0,2.0,35.0,815,14.78,5448.0,12.0,20.0,24.0,28.0,36.0,36.0,36.0
4.0,4.0,32.0,815,18.83,864.0,0.0,0.0,0.0,8.0,8.0,12.0,16.0
3.0,4.0,15.0,815,18.78,664.0,0.0,0.0,0.0,4.0,8.0,12.0,12.0
3.0,2.0,43.0,815,17.69,2608.0,4.0,4.0,12.0,20.0,20.0,24.0,32.0
3.0,1.0,26.0,815,16.38,4968.0,12.0,20.0,28.0,36.0,44.0,44.0,44.0
4.0,3.0,44.0,815,17.0,2352.0,4.0,8.0,16.0,16.0,20.0,20.0,24.0
3.0,2.0,45.0,815,16.94,2384.0,4.0,8.0,16.0,16.0,20.0,20.0,24.0
4.0,1.0,11.0,815,17.6,1672.0,4.0,4.0,4.0,12.0,12.0,20.0,20.0
3.0,2.0,24.0,815,16.67,2968.0,4.0,4.0,8.0,20.0,24.0,24.0,28.0
3.0,3.0,36.0,815,17.07,1928.0,4.0,8.0,8.0,16.0,16.0,20.0,20.0
3.0,2.0,25.0,815,17.83,936.0,0.0,0.0,8.0,8.0,8.0,12.0,12.0
3.0,3.0,46.0,815,17.46,4520.0,8.0,12.0,16.0,28.0,48.0,52.0,52.0
4.0,4.0,36.0,815,16.28,4152.0,8.0,20.0,32.0,32.0,32.0,32.0,36.0
4.0,4.0,14.0,815,18.42,2560.0,4.0,4.0,12.0,16.0,20.0,32.0,40.0
3.0,2.0,31.0,815,16.46,5328.0,16.0,24.0,28.0,36.0,44.0,48.0,48.0
4.0,3.0,21.0,815,17.04,3104.0,4.0,4.0,12.0,16.0,28.0,32.0,32.0
3.0,4.0,13.0,815,16.52,4384.0,4.0,12.0,24.0,32.0,32.0,40.0,40.0
4.0,3.0,36.0,815,15.69,3104.0,8.0,16.0,24.0,24.0,24.0,24.0,24.0
3.0,4.0,32.0,815,16.9,2008.0,0.0,0.0,12.0,20.0,20.0,20.0,20.0
3.0,4.0,31.0,815,16.11,2864.0,8.0,12.0,20.0,20.0,20.0,24.0,24.0
4.0,3.0,24.0,815,16.6,4304.0,4.0,16.0,28.0,28.0,32.0,36.0,40.0
4.0,1.0,12.0,815,17.06,1160.0,4.0,4.0,4.0,4.0,12.0,12.0,12.0
4.0,1.0,23.0,815,16.44,4904.0,4.0,24.0,28.0,32.0,36.0,44.0,44.0
3.0,3.0,14.0,812,17.46,4520.0,0.0,4.0,24.0,28.0,52.0,52.0,52.0
3.0,4.0,46.0,812,16.45,5784.0,8.0,20.0,36.0,48.0,52.0,52.0,52.0
4.0,1.0,36.0,812,18.67,232.0,0.0,0.0,0.0,0.0,4.0,4.0,4.0
4.0,1.0,25.0,812,16.17,7080.0,24.0,24.0,28.0,44.0,56.0,56.0,60.0
3.0,4.0,13.0,812,16.18,7064.0,16.0,32.0,40.0,52.0,60.0,60.0,60.0
4.0,1.0,42.0,812,16.17,7552.0,8.0,28.0,40.0,60.0,64.0,64.0,64.0
3.0,4.0,45.0,812,16.14,7112.0,20.0,28.0,40.0,48.0,52.0,52.0,60.0
3.0,4.0,44.0,812,15.32,12176.0,44.0,60.0,76.0,84.0,84.0,84.0,88.0
4.0,2.0,21.0,812,16.44,8472.0,4.0,32.0,52.0,68.0,68.0,72.0,76.0
4.0,2.0,22.0,812,16.13,9520.0,24.0,48.0,60.0,68.0,72.0,76.0,80.0
3.0,4.0,33.0,812,16.12,8104.0,24.0,36.0,44.0,56.0,64.0,64.0,68.0
4.0,1.0,15.0,812,16.49,8376.0,16.0,28.0,52.0,60.0,72.0,72.0,76.0
4.0,1.0,32.0,812,16.18,6120.0,16.0,28.0,40.0,40.0,44.0,52.0,52.0
4.0,2.0,44.0,812,16.42,7168.0,24.0,32.0,40.0,48.0,56.0,56.0,64.0
3.0,3.0,34.0,812,17.33,5040.0,4.0,12.0,16.0,48.0,52.0,52.0,56.0
4.0,2.0,16.0,812,17.67,3936.0,8.0,12.0,24.0,28.0,32.0,32.0,48.0
4.0,1.0,43.0,812,15.75,11264.0,44.0,48.0,64.0,68.0,76.0,88.0,88.0
3.0,4.0,42.0,812,15.52,9080.0,28.0,36.0,40.0,64.0,68.0,68.0,68.0
3.0,4.0,12.0,812,15.69,9832.0,36.0,40.0,64.0,72.0,72.0,76.0,76.0
3.0,1.0,46.0,812,14.14,12664.0,36.0,56.0,68.0,72.0,72.0,76.0,76.0
3.0,4.0,16.0,812,17.65,6264.0,12.0,16.0,28.0,36.0,52.0,64.0,76.0
4.0,1.0,22.0,812,15.79,9152.0,24.0,44.0,56.0,72.0,72.0,72.0,72.0
4.0,2.0,46.0,812,16.46,7544.0,24.0,32.0,44.0,48.0,56.0,60.0,68.0
4.0,2.0,33.0,812,16.1,8136.0,16.0,32.0,48.0,64.0,64.0,64.0,68.0
3.0,1.0,36.0,812,16.56,4776.0,4.0,20.0,28.0,32.0,40.0,44.0,44.0
4.0,1.0,21.0,812,16.55,6096.0,12.0,24.0,36.0,48.0,52.0,52.0,56.0
4.0,2.0,43.0,812,16.39,8568.0,20.0,40.0,52.0,60.0,64.0,64.0,76.0
3.0,4.0,41.0,812,17.82,5944.0,4.0,12.0,24.0,44.0,64.0,68.0,76.0
3.0,4.0,24.0,812,16.81,6152.0,8.0,16.0,24.0,48.0,52.0,60.0,60.0
4.0,2.0,35.0,812,16.0,6832.0,12.0,32.0,44.0,48.0,48.0,52.0,56.0
4.0,2.0,42.0,812,16.41,6728.0,16.0,28.0,44.0,52.0,56.0,56.0,60.0
4.0,2.0,13.0,812,16.24,6512.0,16.0,32.0,32.0,44.0,48.0,56.0,56.0
3.0,4.0,15.0,812,15.56,9552.0,28.0,44.0,52.0,64.0,68.0,68.0,72.0
4.0,2.0,26.0,812,16.51,6144.0,4.0,20.0,40.0,48.0,52.0,56.0,56.0
3.0,4.0,34.0,812,15.0,8176.0,16.0,28.0,44.0,48.0,52.0,52.0,56.0
3.0,4.0,35.0,812,16.14,9016.0,20.0,40.0,56.0,64.0,68.0,72.0,76.0
4.0,1.0,13.0,812,16.54,5672.0,12.0,20.0,40.0,40.0,44.0,52.0,52.0
4.0,1.0,31.0,812,16.48,9728.0,16.0,40.0,60.0,72.0,84.0,88.0,88.0
3.0,4.0,14.0,812,17.75,5120.0,0.0,8.0,28.0,40.0,48.0,56.0,64.0
3.0,4.0,32.0,812,17.58,5376.0,4.0,4.0,28.0,36.0,52.0,60.0,64.0
4.0,2.0,12.0,812,16.97,5128.0,12.0,20.0,28.0,36.0,44.0,52.0,52.0
3.0,4.0,43.0,812,16.83,8160.0,16.0,28.0,48.0,60.0,68.0,72.0,80.0
3.0,4.0,23.0,812,17.05,6192.0,4.0,16.0,40.0,44.0,48.0,56.0,64.0
4.0,1.0,44.0,812,16.95,6352.0,12.0,36.0,40.0,40.0,44.0,56.0,64.0
3.0,3.0,44.0,812,16.74,5840.0,12.0,20.0,24.0,36.0,40.0,48.0,56.0
3.0,4.0,25.0,812,16.36,8160.0,20.0,36.0,52.0,60.0,60.0,68.0,72.0
4.0,1.0,35.0,812,16.98,6696.0,12.0,24.0,32.0,48.0,56.0,64.0,68.0
3.0,4.0,22.0,812,17.22,4448.0,4.0,12.0,24.0,28.0,44.0,48.0,48.0
4.0,1.0,24.0,812,15.55,9032.0,24.0,36.0,40.0,52.0,60.0,60.0,68.0
4.0,2.0,23.0,812,15.78,10696.0,24.0,44.0,64.0,76.0,84.0,84.0,84.0
4.0,1.0,34.0,812,15.61,3152.0,12.0,12.0,20.0,20.0,24.0,24.0,24.0
4.0,2.0,34.0,812,17.3,3992.0,12.0,16.0,20.0,28.0,28.0,32.0,44.0
4.0,2.0,32.0,812,16.88,6856.0,8.0,28.0,36.0,48.0,60.0,68.0,68.0
4.0,1.0,12.0,812,15.81,9120.0,28.0,32.0,48.0,60.0,72.0,72.0,72.0
4.0,1.0,14.0,812,16.61,6440.0,24.0,24.0,32.0,32.0,48.0,56.0,60.0
4.0,1.0,16.0,812,16.16,7568.0,20.0,44.0,48.0,52.0,56.0,64.0,64.0
3.0,4.0,21.0,812,16.49,7496.0,20.0,24.0,36.0,56.0,64.0,68.0,68.0
4.0,2.0,25.0,812,17.72,6136.0,4.0,20.0,32.0,40.0,56.0,68.0,76.0
4.0,2.0,15.0,812,17.23,4808.0,8.0,16.0,28.0,36.0,44.0,44.0,52.0
4.0,2.0,24.0,812,15.87,8504.0,16.0,40.0,52.0,64.0,68.0,68.0,68.0
3.0,4.0,36.0,812,17.23,8128.0,12.0,24.0,32.0,52.0,68.0,80.0,88.0
3.0,3.0,24.0,812,15.57,5296.0,12.0,20.0,32.0,32.0,40.0,40.0,40.0
4.0,2.0,36.0,812,14.11,11384.0,44.0,56.0,68.0,68.0,68.0,68.0,68.0
4.0,1.0,46.0,812,15.61,5784.0,16.0,32.0,40.0,44.0,44.0,44.0,44.0
4.0,1.0,26.0,812,14.75,9728.0,36.0,40.0,60.0,64.0,64.0,64.0,64.0
3.0,4.0,26.0,812,17.03,7400.0,12.0,24.0,40.0,56.0,64.0,68.0,76.0
4.0,2.0,31.0,812,15.54,9048.0,20.0,40.0,56.0,64.0,64.0,64.0,68.0
3.0,3.0,15.0,812,16.64,5544.0,8.0,20.0,32.0,40.0,44.0,52.0,52.0
3.0,4.0,31.0,812,17.56,2704.0,8.0,8.0,12.0,16.0,20.0,24.0,32.0
4.0,2.0,45.0,812,16.44,8912.0,20.0,40.0,56.0,56.0,64.0,68.0,80.0
4.0,1.0,45.0,812,16.48,7952.0,20.0,24.0,52.0,64.0,64.0,64.0,72.0
4.0,2.0,14.0,812,16.44,6680.0,12.0,20.0,44.0,52.0,60.0,60.0,60.0
4.0,2.0,41.0,812,15.37,11528.0,40.0,48.0,64.0,76.0,80.0,84.0,84.0
4.0,1.0,33.0,812,16.01,6816.0,16.0,24.0,36.0,44.0,48.0,52.0,56.0
4.0,1.0,23.0,812,16.9,6024.0,16.0,28.0,32.0,40.0,52.0,56.0,60.0
4.0,1.0,41.0,812,14.34,13592.0,56.0,76.0,80.0,84.0,84.0,84.0,84.0
